qid;kueri;doc_id;perihal;isi;a1;a2;final
Q01;perbaikan aspal jalan;1;Pembentukan Panitia PHO Pekerjaan Overlay Jalur A;Menimbang berakhirnya pekerjaan pemeliharaan jalan tol SS Waru-Juanda 2022, perlu membentuk Panitia Serah Terima Sementara (PHO).;1;;
Q01;perbaikan aspal jalan;2;Pembentukan Panitia FHO Pekerjaan Overlay Jalur B;Memutuskan penetapan panitia Serah Terima Akhir untuk proyek pengerasan aspal pada kilometer 00+820 sampai 04+468.;1;;
Q01;perbaikan aspal jalan;3;Penunjukan Tim Pengawas Lapangan Perbaikan Pagar;Menetapkan personel teknis untuk melakukan monitoring terhadap perbaikan pagar pengaman di sepanjang mainroad jalan tol.;0;;
Q01;perbaikan aspal jalan;5;Instruksi Perbaikan Lampu PJU Menanggal;Menginstruksikan divisi terkait untuk segera melakukan penggantian lampu penerangan jalan umum yang padam di gerbang tol Menanggal.;0;;
Q01;perbaikan aspal jalan;21;Perbaikan Jalan Berlubang (Patching) Jalur A;Penugasan tim pemeliharaan untuk melakukan penambalan aspal guna menjaga standar pelayanan minimal kenyamanan berkendara.;1;;
Q01;perbaikan aspal jalan;42;Penggantian Bantalan Jembatan (Bearing Pad);Pekerjaan teknis penggantian komponen jembatan yang aus guna menjaga elastisitas struktur flyover jalan tol.;0;;
Q01;perbaikan aspal jalan;51;Penetapan Lokasi Perbaikan Guardrail Jalur B;Menginstruksikan tim pemeliharaan untuk memasang pagar pengaman baru pada titik rawan kecelakaan kilometer 08+200.;0;;
Q01;perbaikan aspal jalan;52;Laporan Inspeksi Rutin Kondisi Jalan Utama;Hasil monitoring menunjukkan adanya retakan rambut pada permukaan aspal yang memerlukan penanganan patching segera.;1;;
Q01;perbaikan aspal jalan;81;Anggaran Perbaikan Gedung Kantor Pusat;Rincian dana untuk renovasi ruang administrasi guna menunjang kenyamanan operasional divisi IT.;0;;
Q01;perbaikan aspal jalan;91;Perbaikan Expansion Joint Jembatan Layang;Pekerjaan teknis penggantian sambungan struktur flyover guna menjaga stabilitas bangunan jalan.;0;;
Q01;perbaikan aspal jalan;92;Koordinasi Penertiban Kendaraan ODOL;Kerja sama dengan PJR untuk melakukan razia kendaraan bermuatan lebih guna menjaga keawetan aspal.;0;;
Q01;perbaikan aspal jalan;93;Pengadaan Marka Jalan Jenis Coldplastic;Penggunaan material cat berkualitas tinggi agar garis jalan lebih terlihat jelas saat kondisi hujan malam hari.;0;;
Q01;perbaikan aspal jalan;103;Perbaikan Pagar Pembatas KM 12;Instruksi pengelasan dan penggantian pagar guardrail yang rusak akibat kecelakaan tunggal.;0;;
Q01;perbaikan aspal jalan;116;Penetapan Vendor Aspal 2026;Surat keputusan pemilihan kontraktor untuk pekerjaan overlay perkerasan jalan ruas Waru.;1;;
Q01;perbaikan aspal jalan;118;BA Kerusakan Gerbang Tol Otomatis;Laporan kejadian kerusakan palang gerbang otomatis akibat ditabrak kendaraan pengguna jalan.;0;;
Q01;perbaikan aspal jalan;132;BA Pekerjaan Pengecatan Median;Pernyataan selesai pekerjaan pengecatan barrier beton di sepanjang ruas jalan utama.;0;;
Q01;perbaikan aspal jalan;139;Laporan Kerusakan Perkerasan Kaku;Detail lokasi retakan pada slab beton jalan tol yang memerlukan injeksi epoxy.;0;;
Q01;perbaikan aspal jalan;150;SE Standar Keamanan Perbaikan Jalan;Instruksi pemasangan rambu peringatan 500 meter sebelum lokasi pekerjaan teknis.;1;;
Q02;penambalan lubang pada permukaan jalan raya;21;Perbaikan Jalan Berlubang (Patching) Jalur A;Penugasan tim pemeliharaan untuk melakukan penambalan aspal guna menjaga standar pelayanan minimal kenyamanan berkendara.;1;;
Q02;penambalan lubang pada permukaan jalan raya;22;Pengecatan Ulang Marka Jalan Garis Putih;Memutuskan pelaksanaan pengerjaan cat marka jalan pada area mainroad kilometer 02+000 guna meningkatkan keamanan lalin.;0;;
Q02;penambalan lubang pada permukaan jalan raya;41;Penanganan Genangan Air di Gerbang Tol Berbek;Instruksi darurat pembersihan sedimen pada gorong-gorong akibat intensitas hujan tinggi yang menghambat akses masuk tol.;0;;
Q02;penambalan lubang pada permukaan jalan raya;42;Penggantian Bantalan Jembatan (Bearing Pad);Pekerjaan teknis penggantian komponen jembatan yang aus guna menjaga elastisitas struktur flyover jalan tol.;0;;
Q02;penambalan lubang pada permukaan jalan raya;52;Laporan Inspeksi Rutin Kondisi Jalan Utama;Hasil monitoring menunjukkan adanya retakan rambut pada permukaan aspal yang memerlukan penanganan patching segera.;1;;
Q02;penambalan lubang pada permukaan jalan raya;53;Koordinasi Pembersihan Median Jalan Tol;Jadwal pengerjaan kebersihan taman dan pemotongan rumput di sepanjang koridor utama SS Waru-Juanda.;0;;
Q02;penambalan lubang pada permukaan jalan raya;72;Instruksi Pembersihan Sedimen Drainase;Pekerjaan darurat pengangkatan lumpur pada saluran air sekitar Gerbang Tol Juanda guna mencegah genangan.;0;;
Q02;penambalan lubang pada permukaan jalan raya;91;Perbaikan Expansion Joint Jembatan Layang;Pekerjaan teknis penggantian sambungan struktur flyover guna menjaga stabilitas bangunan jalan.;0;;
Q02;penambalan lubang pada permukaan jalan raya;93;Pengadaan Marka Jalan Jenis Coldplastic;Penggunaan material cat berkualitas tinggi agar garis jalan lebih terlihat jelas saat kondisi hujan malam hari.;0;;
Q02;penambalan lubang pada permukaan jalan raya;97;Pemberian Tunjangan Hari Raya bagi Outsourcing;Kebijakan distribusi insentif bagi petugas kebersihan dan keamanan yang bertugas di PT CMS.;0;;
Q02;penambalan lubang pada permukaan jalan raya;102;Penugasan Petugas Layanan Jalan Tol;Keputusan Direksi mengenai jadwal piket dan penempatan personel operasional di titik pantau lalin.;0;;
Q02;penambalan lubang pada permukaan jalan raya;103;Perbaikan Pagar Pembatas KM 12;Instruksi pengelasan dan penggantian pagar guardrail yang rusak akibat kecelakaan tunggal.;0;;
Q02;penambalan lubang pada permukaan jalan raya;106;Berita Acara Kerusakan Marka Jalan;Dokumentasi teknis kerusakan cat marka jalan sepanjang 500 meter akibat pengikisan cuaca ekstrim.;0;;
Q02;penambalan lubang pada permukaan jalan raya;116;Penetapan Vendor Aspal 2026;Surat keputusan pemilihan kontraktor untuk pekerjaan overlay perkerasan jalan ruas Waru.;0;;
Q02;penambalan lubang pada permukaan jalan raya;118;BA Kerusakan Gerbang Tol Otomatis;Laporan kejadian kerusakan palang gerbang otomatis akibat ditabrak kendaraan pengguna jalan.;0;;
Q02;penambalan lubang pada permukaan jalan raya;120;SE Penggunaan Seragam Operasional;Aturan kewajiban mengenakan rompi keselamatan bagi petugas yang bekerja di mainroad jalan tol.;0;;
Q02;penambalan lubang pada permukaan jalan raya;132;BA Pekerjaan Pengecatan Median;Pernyataan selesai pekerjaan pengecatan barrier beton di sepanjang ruas jalan utama.;0;;
Q02;penambalan lubang pada permukaan jalan raya;139;Laporan Kerusakan Perkerasan Kaku;Detail lokasi retakan pada slab beton jalan tol yang memerlukan injeksi epoxy.;0;;
Q02;penambalan lubang pada permukaan jalan raya;150;SE Standar Keamanan Perbaikan Jalan;Instruksi pemasangan rambu peringatan 500 meter sebelum lokasi pekerjaan teknis.;0;;
Q03;pemeliharaan permukaan perkerasan jalan tol;1;Pembentukan Panitia PHO Pekerjaan Overlay Jalur A;Menimbang berakhirnya pekerjaan pemeliharaan jalan tol SS Waru-Juanda 2022, perlu membentuk Panitia Serah Terima Sementara (PHO).;1;;
Q03;pemeliharaan permukaan perkerasan jalan tol;2;Pembentukan Panitia FHO Pekerjaan Overlay Jalur B;Memutuskan penetapan panitia Serah Terima Akhir untuk proyek pengerasan aspal pada kilometer 00+820 sampai 04+468.;1;;
Q03;pemeliharaan permukaan perkerasan jalan tol;4;Jadwal Pemeliharaan Rutin Drainase Semester I;Rincian kegiatan pembersihan saluran air dan gorong-gorong guna mencegah genangan saat musim penghujan di area tol.;0;;
Q03;pemeliharaan permukaan perkerasan jalan tol;21;Perbaikan Jalan Berlubang (Patching) Jalur A;Penugasan tim pemeliharaan untuk melakukan penambalan aspal guna menjaga standar pelayanan minimal kenyamanan berkendara.;1;;
Q03;pemeliharaan permukaan perkerasan jalan tol;22;Pengecatan Ulang Marka Jalan Garis Putih;Memutuskan pelaksanaan pengerjaan cat marka jalan pada area mainroad kilometer 02+000 guna meningkatkan keamanan lalin.;0;;
Q03;pemeliharaan permukaan perkerasan jalan tol;23;Pembersihan Taman Median Jalan Tol;Menjaga estetika infrastruktur melalui perawatan rutin tanaman dan ruang terbuka hijau di sepanjang koridor Waru-Juanda.;0;;
Q03;pemeliharaan permukaan perkerasan jalan tol;34;Rencana Kerja Anggaran Perusahaan (RKAP) 2025;Draft awal perencanaan finansial untuk proyeksi pembangunan dan pemeliharaan infrastruktur di tahun mendatang.;0;;
Q03;pemeliharaan permukaan perkerasan jalan tol;42;Penggantian Bantalan Jembatan (Bearing Pad);Pekerjaan teknis penggantian komponen jembatan yang aus guna menjaga elastisitas struktur flyover jalan tol.;0;;
Q03;pemeliharaan permukaan perkerasan jalan tol;51;Penetapan Lokasi Perbaikan Guardrail Jalur B;Menginstruksikan tim pemeliharaan untuk memasang pagar pengaman baru pada titik rawan kecelakaan kilometer 08+200.;0;;
Q03;pemeliharaan permukaan perkerasan jalan tol;52;Laporan Inspeksi Rutin Kondisi Jalan Utama;Hasil monitoring menunjukkan adanya retakan rambut pada permukaan aspal yang memerlukan penanganan patching segera.;1;;
Q03;pemeliharaan permukaan perkerasan jalan tol;53;Koordinasi Pembersihan Median Jalan Tol;Jadwal pengerjaan kebersihan taman dan pemotongan rumput di sepanjang koridor utama SS Waru-Juanda.;0;;
Q03;pemeliharaan permukaan perkerasan jalan tol;63;Persetujuan Biaya Operasional Kendaraan Rescue;Alokasi dana untuk pembelian bahan bakar dan pemeliharaan mesin armada derek serta ambulance perusahaan.;0;;
Q03;pemeliharaan permukaan perkerasan jalan tol;71;Penunjukan Panitia PHO Pemeliharaan Pagar;Membentuk tim penilai hasil pengerjaan perbaikan pagar pengaman di kilometer 04+000 jalur B.;0;;
Q03;pemeliharaan permukaan perkerasan jalan tol;91;Perbaikan Expansion Joint Jembatan Layang;Pekerjaan teknis penggantian sambungan struktur flyover guna menjaga stabilitas bangunan jalan.;0;;
Q03;pemeliharaan permukaan perkerasan jalan tol;111;Jadwal Pembersihan Saluran Air;Rencana kerja rutin pembersihan drainase sisi jalan tol untuk mencegah genangan air.;0;;
Q03;pemeliharaan permukaan perkerasan jalan tol;116;Penetapan Vendor Aspal 2026;Surat keputusan pemilihan kontraktor untuk pekerjaan overlay perkerasan jalan ruas Waru.;1;;
Q03;pemeliharaan permukaan perkerasan jalan tol;123;Perawatan Jembatan Penyeberangan;Instruksi pengecatan ulang dan pengecekan struktur baja JPO di KM 10.;0;;
Q03;pemeliharaan permukaan perkerasan jalan tol;129;Pemeliharaan Lampu Sorot Gerbang;Penggantian bohlam LED pada tower penerangan area gerbang tol SS Waru.;0;;
Q03;pemeliharaan permukaan perkerasan jalan tol;132;BA Pekerjaan Pengecatan Median;Pernyataan selesai pekerjaan pengecatan barrier beton di sepanjang ruas jalan utama.;0;;
Q03;pemeliharaan permukaan perkerasan jalan tol;139;Laporan Kerusakan Perkerasan Kaku;Detail lokasi retakan pada slab beton jalan tol yang memerlukan injeksi epoxy.;1;;
Q03;pemeliharaan permukaan perkerasan jalan tol;144;Perintah Rekrutmen Teknisi Listrik;Penugasan divisi HRD untuk membuka lowongan pekerjaan spesialis pemeliharaan PJU.;0;;
Q03;pemeliharaan permukaan perkerasan jalan tol;150;SE Standar Keamanan Perbaikan Jalan;Instruksi pemasangan rambu peringatan 500 meter sebelum lokasi pekerjaan teknis.;0;;
Q04;retakan pada slab beton;1;Pembentukan Panitia PHO Pekerjaan Overlay Jalur A;Menimbang berakhirnya pekerjaan pemeliharaan jalan tol SS Waru-Juanda 2022, perlu membentuk Panitia Serah Terima Sementara (PHO).;0;;
Q04;retakan pada slab beton;2;Pembentukan Panitia FHO Pekerjaan Overlay Jalur B;Memutuskan penetapan panitia Serah Terima Akhir untuk proyek pengerasan aspal pada kilometer 00+820 sampai 04+468.;0;;
Q04;retakan pada slab beton;3;Penunjukan Tim Pengawas Lapangan Perbaikan Pagar;Menetapkan personel teknis untuk melakukan monitoring terhadap perbaikan pagar pengaman di sepanjang mainroad jalan tol.;0;;
Q04;retakan pada slab beton;4;Jadwal Pemeliharaan Rutin Drainase Semester I;Rincian kegiatan pembersihan saluran air dan gorong-gorong guna mencegah genangan saat musim penghujan di area tol.;0;;
Q04;retakan pada slab beton;5;Instruksi Perbaikan Lampu PJU Menanggal;Menginstruksikan divisi terkait untuk segera melakukan penggantian lampu penerangan jalan umum yang padam di gerbang tol Menanggal.;0;;
Q04;retakan pada slab beton;6;Penetapan Struktur Organisasi Divisi IT Baru;Berdasarkan keputusan direksi untuk optimalisasi kinerja, menetapkan susunan baru staf IT dan administrator sistem e-arsip.;0;;
Q04;retakan pada slab beton;7;Pelatihan Sertifikasi Kompetensi Tenaga Teknik;Dalam rangka peningkatan SDM, perusahaan mengirimkan staf teknis untuk mengikuti pelatihan kelistrikan di Surabaya.;0;;
Q04;retakan pada slab beton;14;Pengadaan Vendor Kertas Struk Thermal Gerbang Tol;Keputusan penunjukan mitra penyedia alat tulis kantor dan kebutuhan operasional pencetakan struk di gardu tol.;0;;
Q04;retakan pada slab beton;21;Perbaikan Jalan Berlubang (Patching) Jalur A;Penugasan tim pemeliharaan untuk melakukan penambalan aspal guna menjaga standar pelayanan minimal kenyamanan berkendara.;0;;
Q04;retakan pada slab beton;25;Monitoring Kelayakan Konstruksi Flyover;Tim teknis melakukan pengecekan struktur pilar jembatan layang guna menjamin kekuatan bangunan jalan jangka panjang.;0;;
Q04;retakan pada slab beton;41;Penanganan Genangan Air di Gerbang Tol Berbek;Instruksi darurat pembersihan sedimen pada gorong-gorong akibat intensitas hujan tinggi yang menghambat akses masuk tol.;0;;
Q04;retakan pada slab beton;42;Penggantian Bantalan Jembatan (Bearing Pad);Pekerjaan teknis penggantian komponen jembatan yang aus guna menjaga elastisitas struktur flyover jalan tol.;0;;
Q04;retakan pada slab beton;52;Laporan Inspeksi Rutin Kondisi Jalan Utama;Hasil monitoring menunjukkan adanya retakan rambut pada permukaan aspal yang memerlukan penanganan patching segera.;0;;
Q04;retakan pada slab beton;91;Perbaikan Expansion Joint Jembatan Layang;Pekerjaan teknis penggantian sambungan struktur flyover guna menjaga stabilitas bangunan jalan.;0;;
Q04;retakan pada slab beton;103;Perbaikan Pagar Pembatas KM 12;Instruksi pengelasan dan penggantian pagar guardrail yang rusak akibat kecelakaan tunggal.;0;;
Q04;retakan pada slab beton;118;BA Kerusakan Gerbang Tol Otomatis;Laporan kejadian kerusakan palang gerbang otomatis akibat ditabrak kendaraan pengguna jalan.;0;;
Q04;retakan pada slab beton;123;Perawatan Jembatan Penyeberangan;Instruksi pengecatan ulang dan pengecekan struktur baja JPO di KM 10.;0;;
Q04;retakan pada slab beton;132;BA Pekerjaan Pengecatan Median;Pernyataan selesai pekerjaan pengecatan barrier beton di sepanjang ruas jalan utama.;0;;
Q04;retakan pada slab beton;139;Laporan Kerusakan Perkerasan Kaku;Detail lokasi retakan pada slab beton jalan tol yang memerlukan injeksi epoxy.;1;;
Q05;pagar pengaman jalan tol;3;Penunjukan Tim Pengawas Lapangan Perbaikan Pagar;Menetapkan personel teknis untuk melakukan monitoring terhadap perbaikan pagar pengaman di sepanjang mainroad jalan tol.;1;;
Q05;pagar pengaman jalan tol;22;Pengecatan Ulang Marka Jalan Garis Putih;Memutuskan pelaksanaan pengerjaan cat marka jalan pada area mainroad kilometer 02+000 guna meningkatkan keamanan lalin.;0;;
Q05;pagar pengaman jalan tol;35;Penyerahan Dividen kepada Pemegang Saham;Distribusi keuntungan perusahaan hasil dari pengelolaan jalan tol kepada PT CMNP dan PT Jasa Marga.;0;;
Q05;pagar pengaman jalan tol;41;Penanganan Genangan Air di Gerbang Tol Berbek;Instruksi darurat pembersihan sedimen pada gorong-gorong akibat intensitas hujan tinggi yang menghambat akses masuk tol.;0;;
Q05;pagar pengaman jalan tol;42;Penggantian Bantalan Jembatan (Bearing Pad);Pekerjaan teknis penggantian komponen jembatan yang aus guna menjaga elastisitas struktur flyover jalan tol.;0;;
Q05;pagar pengaman jalan tol;43;Pemasangan Sticker Estetika Kolom Gerbang Tol;Peningkatan nilai visual pada area gerbang tol melalui pemasangan branding perusahaan dan informasi keselamatan berkendara.;0;;
Q05;pagar pengaman jalan tol;51;Penetapan Lokasi Perbaikan Guardrail Jalur B;Menginstruksikan tim pemeliharaan untuk memasang pagar pengaman baru pada titik rawan kecelakaan kilometer 08+200.;1;;
Q05;pagar pengaman jalan tol;53;Koordinasi Pembersihan Median Jalan Tol;Jadwal pengerjaan kebersihan taman dan pemotongan rumput di sepanjang koridor utama SS Waru-Juanda.;0;;
Q05;pagar pengaman jalan tol;62;Pengadaan Asuransi Aset Infrastruktur Jalan Tol;Penunjukan penyedia proteksi finansial untuk melindungi jembatan dan flyover dari risiko bencana alam.;0;;
Q05;pagar pengaman jalan tol;71;Penunjukan Panitia PHO Pemeliharaan Pagar;Membentuk tim penilai hasil pengerjaan perbaikan pagar pengaman di kilometer 04+000 jalur B.;1;;
Q05;pagar pengaman jalan tol;91;Perbaikan Expansion Joint Jembatan Layang;Pekerjaan teknis penggantian sambungan struktur flyover guna menjaga stabilitas bangunan jalan.;0;;
Q05;pagar pengaman jalan tol;102;Penugasan Petugas Layanan Jalan Tol;Keputusan Direksi mengenai jadwal piket dan penempatan personel operasional di titik pantau lalin.;0;;
Q05;pagar pengaman jalan tol;103;Perbaikan Pagar Pembatas KM 12;Instruksi pengelasan dan penggantian pagar guardrail yang rusak akibat kecelakaan tunggal.;1;;
Q05;pagar pengaman jalan tol;111;Jadwal Pembersihan Saluran Air;Rencana kerja rutin pembersihan drainase sisi jalan tol untuk mencegah genangan air.;0;;
Q05;pagar pengaman jalan tol;118;BA Kerusakan Gerbang Tol Otomatis;Laporan kejadian kerusakan palang gerbang otomatis akibat ditabrak kendaraan pengguna jalan.;0;;
Q05;pagar pengaman jalan tol;120;SE Penggunaan Seragam Operasional;Aturan kewajiban mengenakan rompi keselamatan bagi petugas yang bekerja di mainroad jalan tol.;0;;
Q05;pagar pengaman jalan tol;134;Perintah Sosialisasi E-Toll Baru;Penugasan staf gerbang tol untuk membantu pengguna jalan dalam aktivasi kartu baru.;0;;
Q05;pagar pengaman jalan tol;139;Laporan Kerusakan Perkerasan Kaku;Detail lokasi retakan pada slab beton jalan tol yang memerlukan injeksi epoxy.;0;;
Q06;penggantian guardrail yang rusak;1;Pembentukan Panitia PHO Pekerjaan Overlay Jalur A;Menimbang berakhirnya pekerjaan pemeliharaan jalan tol SS Waru-Juanda 2022, perlu membentuk Panitia Serah Terima Sementara (PHO).;0;;
Q06;penggantian guardrail yang rusak;2;Pembentukan Panitia FHO Pekerjaan Overlay Jalur B;Memutuskan penetapan panitia Serah Terima Akhir untuk proyek pengerasan aspal pada kilometer 00+820 sampai 04+468.;0;;
Q06;penggantian guardrail yang rusak;4;Jadwal Pemeliharaan Rutin Drainase Semester I;Rincian kegiatan pembersihan saluran air dan gorong-gorong guna mencegah genangan saat musim penghujan di area tol.;0;;
Q06;penggantian guardrail yang rusak;5;Instruksi Perbaikan Lampu PJU Menanggal;Menginstruksikan divisi terkait untuk segera melakukan penggantian lampu penerangan jalan umum yang padam di gerbang tol Menanggal.;0;;
Q06;penggantian guardrail yang rusak;21;Perbaikan Jalan Berlubang (Patching) Jalur A;Penugasan tim pemeliharaan untuk melakukan penambalan aspal guna menjaga standar pelayanan minimal kenyamanan berkendara.;0;;
Q06;penggantian guardrail yang rusak;42;Penggantian Bantalan Jembatan (Bearing Pad);Pekerjaan teknis penggantian komponen jembatan yang aus guna menjaga elastisitas struktur flyover jalan tol.;0;;
Q06;penggantian guardrail yang rusak;51;Penetapan Lokasi Perbaikan Guardrail Jalur B;Menginstruksikan tim pemeliharaan untuk memasang pagar pengaman baru pada titik rawan kecelakaan kilometer 08+200.;1;;
Q06;penggantian guardrail yang rusak;63;Persetujuan Biaya Operasional Kendaraan Rescue;Alokasi dana untuk pembelian bahan bakar dan pemeliharaan mesin armada derek serta ambulance perusahaan.;0;;
Q06;penggantian guardrail yang rusak;91;Perbaikan Expansion Joint Jembatan Layang;Pekerjaan teknis penggantian sambungan struktur flyover guna menjaga stabilitas bangunan jalan.;0;;
Q06;penggantian guardrail yang rusak;103;Perbaikan Pagar Pembatas KM 12;Instruksi pengelasan dan penggantian pagar guardrail yang rusak akibat kecelakaan tunggal.;1;;
Q06;penggantian guardrail yang rusak;115;Pengajuan Klaim Asuransi Kesehatan;Berkas administrasi permohonan penggantian biaya perawatan medis staf operasional.;0;;
Q06;penggantian guardrail yang rusak;118;BA Kerusakan Gerbang Tol Otomatis;Laporan kejadian kerusakan palang gerbang otomatis akibat ditabrak kendaraan pengguna jalan.;0;;
Q06;penggantian guardrail yang rusak;123;Perawatan Jembatan Penyeberangan;Instruksi pengecatan ulang dan pengecekan struktur baja JPO di KM 10.;0;;
Q06;penggantian guardrail yang rusak;129;Pemeliharaan Lampu Sorot Gerbang;Penggantian bohlam LED pada tower penerangan area gerbang tol SS Waru.;0;;
Q06;penggantian guardrail yang rusak;131;Perawatan Rutin Mobil Dinas;Jadwal servis berkala dan penggantian suku cadang kendaraan operasional perusahaan.;0;;
Q06;penggantian guardrail yang rusak;139;Laporan Kerusakan Perkerasan Kaku;Detail lokasi retakan pada slab beton jalan tol yang memerlukan injeksi epoxy.;0;;
Q07;marka jalan;21;Perbaikan Jalan Berlubang (Patching) Jalur A;Penugasan tim pemeliharaan untuk melakukan penambalan aspal guna menjaga standar pelayanan minimal kenyamanan berkendara.;0;;
Q07;marka jalan;22;Pengecatan Ulang Marka Jalan Garis Putih;Memutuskan pelaksanaan pengerjaan cat marka jalan pada area mainroad kilometer 02+000 guna meningkatkan keamanan lalin.;1;;
Q07;marka jalan;25;Monitoring Kelayakan Konstruksi Flyover;Tim teknis melakukan pengecekan struktur pilar jembatan layang guna menjamin kekuatan bangunan jalan jangka panjang.;0;;
Q07;marka jalan;52;Laporan Inspeksi Rutin Kondisi Jalan Utama;Hasil monitoring menunjukkan adanya retakan rambut pada permukaan aspal yang memerlukan penanganan patching segera.;0;;
Q07;marka jalan;75;Sertifikasi Laik Operasi Kendaraan Derek;Pemeriksaan kelayakan teknis armada bantuan lalin guna menjamin keselamatan proses evakuasi di jalan tol.;0;;
Q07;marka jalan;91;Perbaikan Expansion Joint Jembatan Layang;Pekerjaan teknis penggantian sambungan struktur flyover guna menjaga stabilitas bangunan jalan.;0;;
Q07;marka jalan;93;Pengadaan Marka Jalan Jenis Coldplastic;Penggunaan material cat berkualitas tinggi agar garis jalan lebih terlihat jelas saat kondisi hujan malam hari.;1;;
Q07;marka jalan;102;Penugasan Petugas Layanan Jalan Tol;Keputusan Direksi mengenai jadwal piket dan penempatan personel operasional di titik pantau lalin.;0;;
Q07;marka jalan;106;Berita Acara Kerusakan Marka Jalan;Dokumentasi teknis kerusakan cat marka jalan sepanjang 500 meter akibat pengikisan cuaca ekstrim.;1;;
Q07;marka jalan;116;Penetapan Vendor Aspal 2026;Surat keputusan pemilihan kontraktor untuk pekerjaan overlay perkerasan jalan ruas Waru.;0;;
Q07;marka jalan;120;SE Penggunaan Seragam Operasional;Aturan kewajiban mengenakan rompi keselamatan bagi petugas yang bekerja di mainroad jalan tol.;0;;
Q07;marka jalan;123;Perawatan Jembatan Penyeberangan;Instruksi pengecatan ulang dan pengecekan struktur baja JPO di KM 10.;0;;
Q07;marka jalan;132;BA Pekerjaan Pengecatan Median;Pernyataan selesai pekerjaan pengecatan barrier beton di sepanjang ruas jalan utama.;0;;
Q07;marka jalan;134;Perintah Sosialisasi E-Toll Baru;Penugasan staf gerbang tol untuk membantu pengguna jalan dalam aktivasi kartu baru.;0;;
Q07;marka jalan;139;Laporan Kerusakan Perkerasan Kaku;Detail lokasi retakan pada slab beton jalan tol yang memerlukan injeksi epoxy.;0;;
Q07;marka jalan;150;SE Standar Keamanan Perbaikan Jalan;Instruksi pemasangan rambu peringatan 500 meter sebelum lokasi pekerjaan teknis.;0;;
Q08;pengecatan garis pembatas lajur;1;Pembentukan Panitia PHO Pekerjaan Overlay Jalur A;Menimbang berakhirnya pekerjaan pemeliharaan jalan tol SS Waru-Juanda 2022, perlu membentuk Panitia Serah Terima Sementara (PHO).;0;;
Q08;pengecatan garis pembatas lajur;2;Pembentukan Panitia FHO Pekerjaan Overlay Jalur B;Memutuskan penetapan panitia Serah Terima Akhir untuk proyek pengerasan aspal pada kilometer 00+820 sampai 04+468.;0;;
Q08;pengecatan garis pembatas lajur;3;Penunjukan Tim Pengawas Lapangan Perbaikan Pagar;Menetapkan personel teknis untuk melakukan monitoring terhadap perbaikan pagar pengaman di sepanjang mainroad jalan tol.;0;;
Q08;pengecatan garis pembatas lajur;4;Jadwal Pemeliharaan Rutin Drainase Semester I;Rincian kegiatan pembersihan saluran air dan gorong-gorong guna mencegah genangan saat musim penghujan di area tol.;0;;
Q08;pengecatan garis pembatas lajur;5;Instruksi Perbaikan Lampu PJU Menanggal;Menginstruksikan divisi terkait untuk segera melakukan penggantian lampu penerangan jalan umum yang padam di gerbang tol Menanggal.;0;;
Q08;pengecatan garis pembatas lajur;14;Pengadaan Vendor Kertas Struk Thermal Gerbang Tol;Keputusan penunjukan mitra penyedia alat tulis kantor dan kebutuhan operasional pencetakan struk di gardu tol.;0;;
Q08;pengecatan garis pembatas lajur;21;Perbaikan Jalan Berlubang (Patching) Jalur A;Penugasan tim pemeliharaan untuk melakukan penambalan aspal guna menjaga standar pelayanan minimal kenyamanan berkendara.;0;;
Q08;pengecatan garis pembatas lajur;22;Pengecatan Ulang Marka Jalan Garis Putih;Memutuskan pelaksanaan pengerjaan cat marka jalan pada area mainroad kilometer 02+000 guna meningkatkan keamanan lalin.;1;;
Q08;pengecatan garis pembatas lajur;42;Penggantian Bantalan Jembatan (Bearing Pad);Pekerjaan teknis penggantian komponen jembatan yang aus guna menjaga elastisitas struktur flyover jalan tol.;0;;
Q08;pengecatan garis pembatas lajur;43;Pemasangan Sticker Estetika Kolom Gerbang Tol;Peningkatan nilai visual pada area gerbang tol melalui pemasangan branding perusahaan dan informasi keselamatan berkendara.;0;;
Q08;pengecatan garis pembatas lajur;51;Penetapan Lokasi Perbaikan Guardrail Jalur B;Menginstruksikan tim pemeliharaan untuk memasang pagar pengaman baru pada titik rawan kecelakaan kilometer 08+200.;0;;
Q08;pengecatan garis pembatas lajur;91;Perbaikan Expansion Joint Jembatan Layang;Pekerjaan teknis penggantian sambungan struktur flyover guna menjaga stabilitas bangunan jalan.;0;;
Q08;pengecatan garis pembatas lajur;93;Pengadaan Marka Jalan Jenis Coldplastic;Penggunaan material cat berkualitas tinggi agar garis jalan lebih terlihat jelas saat kondisi hujan malam hari.;1;;
Q08;pengecatan garis pembatas lajur;103;Perbaikan Pagar Pembatas KM 12;Instruksi pengelasan dan penggantian pagar guardrail yang rusak akibat kecelakaan tunggal.;0;;
Q08;pengecatan garis pembatas lajur;106;Berita Acara Kerusakan Marka Jalan;Dokumentasi teknis kerusakan cat marka jalan sepanjang 500 meter akibat pengikisan cuaca ekstrim.;1;;
Q08;pengecatan garis pembatas lajur;123;Perawatan Jembatan Penyeberangan;Instruksi pengecatan ulang dan pengecekan struktur baja JPO di KM 10.;0;;
Q08;pengecatan garis pembatas lajur;132;BA Pekerjaan Pengecatan Median;Pernyataan selesai pekerjaan pengecatan barrier beton di sepanjang ruas jalan utama.;0;;
Q08;pengecatan garis pembatas lajur;139;Laporan Kerusakan Perkerasan Kaku;Detail lokasi retakan pada slab beton jalan tol yang memerlukan injeksi epoxy.;0;;
Q09;pembersihan drainase tol;4;Jadwal Pemeliharaan Rutin Drainase Semester I;Rincian kegiatan pembersihan saluran air dan gorong-gorong guna mencegah genangan saat musim penghujan di area tol.;1;;
Q09;pembersihan drainase tol;23;Pembersihan Taman Median Jalan Tol;Menjaga estetika infrastruktur melalui perawatan rutin tanaman dan ruang terbuka hijau di sepanjang koridor Waru-Juanda.;0;;
Q09;pembersihan drainase tol;41;Penanganan Genangan Air di Gerbang Tol Berbek;Instruksi darurat pembersihan sedimen pada gorong-gorong akibat intensitas hujan tinggi yang menghambat akses masuk tol.;1;;
Q09;pembersihan drainase tol;43;Pemasangan Sticker Estetika Kolom Gerbang Tol;Peningkatan nilai visual pada area gerbang tol melalui pemasangan branding perusahaan dan informasi keselamatan berkendara.;0;;
Q09;pembersihan drainase tol;45;Pembersihan Sampah Liar di Pinggir Jalan Tol;Koordinasi dengan tim kebersihan untuk menyisir area ROW dari tumpukan sampah yang dibuang sembarangan oleh oknum.;0;;
Q09;pembersihan drainase tol;53;Koordinasi Pembersihan Median Jalan Tol;Jadwal pengerjaan kebersihan taman dan pemotongan rumput di sepanjang koridor utama SS Waru-Juanda.;0;;
Q09;pembersihan drainase tol;56;Mutasi Internal Petugas Pengumpul Tol;Langkah penyegaran organisasi dengan melakukan rotasi staf administrasi antar gerbang tol guna peningkatan pengalaman.;0;;
Q09;pembersihan drainase tol;61;Rekonsiliasi Pendapatan Tol Bulanan;Verifikasi data antara jumlah transaksi di gardu tol dengan mutasi rekening bank e-money dan flazz.;0;;
Q09;pembersihan drainase tol;72;Instruksi Pembersihan Sedimen Drainase;Pekerjaan darurat pengangkatan lumpur pada saluran air sekitar Gerbang Tol Juanda guna mencegah genangan.;1;;
Q09;pembersihan drainase tol;88;Pembersihan Data Noise pada Basis Data Vektor;Langkah optimasi algoritma clustering agar pengelompokan dokumen menjadi lebih presisi dan efisien.;0;;
Q09;pembersihan drainase tol;111;Jadwal Pembersihan Saluran Air;Rencana kerja rutin pembersihan drainase sisi jalan tol untuk mencegah genangan air.;1;;
Q09;pembersihan drainase tol;123;Perawatan Jembatan Penyeberangan;Instruksi pengecatan ulang dan pengecekan struktur baja JPO di KM 10.;0;;
Q09;pembersihan drainase tol;132;BA Pekerjaan Pengecatan Median;Pernyataan selesai pekerjaan pengecatan barrier beton di sepanjang ruas jalan utama.;0;;
Q09;pembersihan drainase tol;139;Laporan Kerusakan Perkerasan Kaku;Detail lokasi retakan pada slab beton jalan tol yang memerlukan injeksi epoxy.;0;;
Q09;pembersihan drainase tol;145;Evaluasi Vendor Kebersihan;Laporan penilaian kinerja pihak ketiga yang mengelola kebersihan area gerbang tol.;0;;
Q09;pembersihan drainase tol;148;Penunjukan Tim Penanganan Banjir;Pembentukan satgas khusus untuk antisipasi genangan air di area tol saat musim hujan.;0;;
Q10;penanganan banjir dan genangan di gerbang tol;4;Jadwal Pemeliharaan Rutin Drainase Semester I;Rincian kegiatan pembersihan saluran air dan gorong-gorong guna mencegah genangan saat musim penghujan di area tol.;1;;
Q10;penanganan banjir dan genangan di gerbang tol;24;Pengadaan Mobil Derek Operasional Baru;Memperkuat armada pelayanan lalin guna mempercepat penanganan kendaraan mogok di jalan tol (target maksimal 30 menit).;0;;
Q10;penanganan banjir dan genangan di gerbang tol;41;Penanganan Genangan Air di Gerbang Tol Berbek;Instruksi darurat pembersihan sedimen pada gorong-gorong akibat intensitas hujan tinggi yang menghambat akses masuk tol.;1;;
Q10;penanganan banjir dan genangan di gerbang tol;43;Pemasangan Sticker Estetika Kolom Gerbang Tol;Peningkatan nilai visual pada area gerbang tol melalui pemasangan branding perusahaan dan informasi keselamatan berkendara.;0;;
Q10;penanganan banjir dan genangan di gerbang tol;45;Pembersihan Sampah Liar di Pinggir Jalan Tol;Koordinasi dengan tim kebersihan untuk menyisir area ROW dari tumpukan sampah yang dibuang sembarangan oleh oknum.;0;;
Q10;penanganan banjir dan genangan di gerbang tol;62;Pengadaan Asuransi Aset Infrastruktur Jalan Tol;Penunjukan penyedia proteksi finansial untuk melindungi jembatan dan flyover dari risiko bencana alam.;0;;
Q10;penanganan banjir dan genangan di gerbang tol;72;Instruksi Pembersihan Sedimen Drainase;Pekerjaan darurat pengangkatan lumpur pada saluran air sekitar Gerbang Tol Juanda guna mencegah genangan.;1;;
Q10;penanganan banjir dan genangan di gerbang tol;85;Penyesuaian Anggaran Tanggap Darurat Bencana;Alokasi dana cadangan untuk penanganan kerusakan infrastruktur tol akibat cuaca ekstrem.;1;;
Q10;penanganan banjir dan genangan di gerbang tol;111;Jadwal Pembersihan Saluran Air;Rencana kerja rutin pembersihan drainase sisi jalan tol untuk mencegah genangan air.;1;;
Q10;penanganan banjir dan genangan di gerbang tol;118;BA Kerusakan Gerbang Tol Otomatis;Laporan kejadian kerusakan palang gerbang otomatis akibat ditabrak kendaraan pengguna jalan.;0;;
Q10;penanganan banjir dan genangan di gerbang tol;129;Pemeliharaan Lampu Sorot Gerbang;Penggantian bohlam LED pada tower penerangan area gerbang tol SS Waru.;0;;
Q10;penanganan banjir dan genangan di gerbang tol;139;Laporan Kerusakan Perkerasan Kaku;Detail lokasi retakan pada slab beton jalan tol yang memerlukan injeksi epoxy.;0;;
Q10;penanganan banjir dan genangan di gerbang tol;143;Analisis Kepadatan Gerbang Exit;Studi efisiensi penambahan gardu tol portabel untuk mengurangi antrean di jam sibuk.;0;;
Q10;penanganan banjir dan genangan di gerbang tol;148;Penunjukan Tim Penanganan Banjir;Pembentukan satgas khusus untuk antisipasi genangan air di area tol saat musim hujan.;1;;
Q11;perawatan struktur jembatan layang;1;Pembentukan Panitia PHO Pekerjaan Overlay Jalur A;Menimbang berakhirnya pekerjaan pemeliharaan jalan tol SS Waru-Juanda 2022, perlu membentuk Panitia Serah Terima Sementara (PHO).;0;;
Q11;perawatan struktur jembatan layang;4;Jadwal Pemeliharaan Rutin Drainase Semester I;Rincian kegiatan pembersihan saluran air dan gorong-gorong guna mencegah genangan saat musim penghujan di area tol.;0;;
Q11;perawatan struktur jembatan layang;14;Pengadaan Vendor Kertas Struk Thermal Gerbang Tol;Keputusan penunjukan mitra penyedia alat tulis kantor dan kebutuhan operasional pencetakan struk di gardu tol.;0;;
Q11;perawatan struktur jembatan layang;21;Perbaikan Jalan Berlubang (Patching) Jalur A;Penugasan tim pemeliharaan untuk melakukan penambalan aspal guna menjaga standar pelayanan minimal kenyamanan berkendara.;0;;
Q11;perawatan struktur jembatan layang;23;Pembersihan Taman Median Jalan Tol;Menjaga estetika infrastruktur melalui perawatan rutin tanaman dan ruang terbuka hijau di sepanjang koridor Waru-Juanda.;0;;
Q11;perawatan struktur jembatan layang;25;Monitoring Kelayakan Konstruksi Flyover;Tim teknis melakukan pengecekan struktur pilar jembatan layang guna menjamin kekuatan bangunan jalan jangka panjang.;1;;
Q11;perawatan struktur jembatan layang;42;Penggantian Bantalan Jembatan (Bearing Pad);Pekerjaan teknis penggantian komponen jembatan yang aus guna menjaga elastisitas struktur flyover jalan tol.;1;;
Q11;perawatan struktur jembatan layang;43;Pemasangan Sticker Estetika Kolom Gerbang Tol;Peningkatan nilai visual pada area gerbang tol melalui pemasangan branding perusahaan dan informasi keselamatan berkendara.;0;;
Q11;perawatan struktur jembatan layang;62;Pengadaan Asuransi Aset Infrastruktur Jalan Tol;Penunjukan penyedia proteksi finansial untuk melindungi jembatan dan flyover dari risiko bencana alam.;0;;
Q11;perawatan struktur jembatan layang;76;Penetapan Dana Santunan Kesehatan Staf;Kebijakan dukungan finansial bagi karyawan yang membutuhkan perawatan medis khusus di rumah sakit.;0;;
Q11;perawatan struktur jembatan layang;91;Perbaikan Expansion Joint Jembatan Layang;Pekerjaan teknis penggantian sambungan struktur flyover guna menjaga stabilitas bangunan jalan.;1;;
Q11;perawatan struktur jembatan layang;96;Penetapan Struktur Tim K3 (HSE) Perusahaan;Membentuk unit kerja khusus yang bertanggung jawab atas keselamatan dan kesehatan lingkungan kerja.;0;;
Q11;perawatan struktur jembatan layang;105;Pengajuan Dana Operasional Derek;Permohonan anggaran bahan bakar dan perawatan armada mobil derek di gerbang tol Menanggal.;0;;
Q11;perawatan struktur jembatan layang;115;Pengajuan Klaim Asuransi Kesehatan;Berkas administrasi permohonan penggantian biaya perawatan medis staf operasional.;0;;
Q11;perawatan struktur jembatan layang;123;Perawatan Jembatan Penyeberangan;Instruksi pengecatan ulang dan pengecekan struktur baja JPO di KM 10.;0;;
Q11;perawatan struktur jembatan layang;129;Pemeliharaan Lampu Sorot Gerbang;Penggantian bohlam LED pada tower penerangan area gerbang tol SS Waru.;0;;
Q11;perawatan struktur jembatan layang;131;Perawatan Rutin Mobil Dinas;Jadwal servis berkala dan penggantian suku cadang kendaraan operasional perusahaan.;0;;
Q11;perawatan struktur jembatan layang;132;BA Pekerjaan Pengecatan Median;Pernyataan selesai pekerjaan pengecatan barrier beton di sepanjang ruas jalan utama.;0;;
Q11;perawatan struktur jembatan layang;139;Laporan Kerusakan Perkerasan Kaku;Detail lokasi retakan pada slab beton jalan tol yang memerlukan injeksi epoxy.;0;;
Q12;lampu PJU;1;Pembentukan Panitia PHO Pekerjaan Overlay Jalur A;Menimbang berakhirnya pekerjaan pemeliharaan jalan tol SS Waru-Juanda 2022, perlu membentuk Panitia Serah Terima Sementara (PHO).;0;;
Q12;lampu PJU;2;Pembentukan Panitia FHO Pekerjaan Overlay Jalur B;Memutuskan penetapan panitia Serah Terima Akhir untuk proyek pengerasan aspal pada kilometer 00+820 sampai 04+468.;0;;
Q12;lampu PJU;3;Penunjukan Tim Pengawas Lapangan Perbaikan Pagar;Menetapkan personel teknis untuk melakukan monitoring terhadap perbaikan pagar pengaman di sepanjang mainroad jalan tol.;0;;
Q12;lampu PJU;4;Jadwal Pemeliharaan Rutin Drainase Semester I;Rincian kegiatan pembersihan saluran air dan gorong-gorong guna mencegah genangan saat musim penghujan di area tol.;0;;
Q12;lampu PJU;5;Instruksi Perbaikan Lampu PJU Menanggal;Menginstruksikan divisi terkait untuk segera melakukan penggantian lampu penerangan jalan umum yang padam di gerbang tol Menanggal.;1;;
Q12;lampu PJU;6;Penetapan Struktur Organisasi Divisi IT Baru;Berdasarkan keputusan direksi untuk optimalisasi kinerja, menetapkan susunan baru staf IT dan administrator sistem e-arsip.;0;;
Q12;lampu PJU;18;Maintenance Perangkat CCTV Gerbang Juanda;Jadwal rutin pemeliharaan perangkat kamera pemantau lalin dan jaringan fiber optik untuk sentra komunikasi.;0;;
Q12;lampu PJU;22;Pengecatan Ulang Marka Jalan Garis Putih;Memutuskan pelaksanaan pengerjaan cat marka jalan pada area mainroad kilometer 02+000 guna meningkatkan keamanan lalin.;0;;
Q12;lampu PJU;23;Pembersihan Taman Median Jalan Tol;Menjaga estetika infrastruktur melalui perawatan rutin tanaman dan ruang terbuka hijau di sepanjang koridor Waru-Juanda.;0;;
Q12;lampu PJU;32;Laporan Biaya Listrik PJU dan Kantor Pusat;Evaluasi konsumsi energi bulanan guna mencari peluang efisiensi biaya operasional melalui penggunaan lampu LED hemat energi.;1;;
Q12;lampu PJU;36;Instalasi Sensor Otomatis Vehicle Classification;Pemasangan teknologi baru untuk mendeteksi golongan kendaraan di gardu tol secara otomatis berbasis sensor infra merah.;0;;
Q12;lampu PJU;43;Pemasangan Sticker Estetika Kolom Gerbang Tol;Peningkatan nilai visual pada area gerbang tol melalui pemasangan branding perusahaan dan informasi keselamatan berkendara.;0;;
Q12;lampu PJU;73;Pengadaan Suku Cadang Lampu PJU LED;Pembelian komponen pencahayaan jalan guna mendukung efisiensi energi di sepanjang koridor operasional.;1;;
Q12;lampu PJU;93;Pengadaan Marka Jalan Jenis Coldplastic;Penggunaan material cat berkualitas tinggi agar garis jalan lebih terlihat jelas saat kondisi hujan malam hari.;0;;
Q12;lampu PJU;97;Pemberian Tunjangan Hari Raya bagi Outsourcing;Kebijakan distribusi insentif bagi petugas kebersihan dan keamanan yang bertugas di PT CMS.;0;;
Q12;lampu PJU;113;Koordinasi Rekayasa Lalin Operasi Lilin;Surat koordinasi dengan PJR untuk pengaturan arus mudik dan balik di akses masuk Surabaya.;0;;
Q12;lampu PJU;129;Pemeliharaan Lampu Sorot Gerbang;Penggantian bohlam LED pada tower penerangan area gerbang tol SS Waru.;0;;
Q12;lampu PJU;144;Perintah Rekrutmen Teknisi Listrik;Penugasan divisi HRD untuk membuka lowongan pekerjaan spesialis pemeliharaan PJU.;1;;
Q13;penggantian lampu jalan yang padam;5;Instruksi Perbaikan Lampu PJU Menanggal;Menginstruksikan divisi terkait untuk segera melakukan penggantian lampu penerangan jalan umum yang padam di gerbang tol Menanggal.;1;;
Q13;penggantian lampu jalan yang padam;21;Perbaikan Jalan Berlubang (Patching) Jalur A;Penugasan tim pemeliharaan untuk melakukan penambalan aspal guna menjaga standar pelayanan minimal kenyamanan berkendara.;0;;
Q13;penggantian lampu jalan yang padam;22;Pengecatan Ulang Marka Jalan Garis Putih;Memutuskan pelaksanaan pengerjaan cat marka jalan pada area mainroad kilometer 02+000 guna meningkatkan keamanan lalin.;0;;
Q13;penggantian lampu jalan yang padam;23;Pembersihan Taman Median Jalan Tol;Menjaga estetika infrastruktur melalui perawatan rutin tanaman dan ruang terbuka hijau di sepanjang koridor Waru-Juanda.;0;;
Q13;penggantian lampu jalan yang padam;32;Laporan Biaya Listrik PJU dan Kantor Pusat;Evaluasi konsumsi energi bulanan guna mencari peluang efisiensi biaya operasional melalui penggunaan lampu LED hemat energi.;0;;
Q13;penggantian lampu jalan yang padam;42;Penggantian Bantalan Jembatan (Bearing Pad);Pekerjaan teknis penggantian komponen jembatan yang aus guna menjaga elastisitas struktur flyover jalan tol.;0;;
Q13;penggantian lampu jalan yang padam;73;Pengadaan Suku Cadang Lampu PJU LED;Pembelian komponen pencahayaan jalan guna mendukung efisiensi energi di sepanjang koridor operasional.;1;;
Q13;penggantian lampu jalan yang padam;91;Perbaikan Expansion Joint Jembatan Layang;Pekerjaan teknis penggantian sambungan struktur flyover guna menjaga stabilitas bangunan jalan.;0;;
Q13;penggantian lampu jalan yang padam;93;Pengadaan Marka Jalan Jenis Coldplastic;Penggunaan material cat berkualitas tinggi agar garis jalan lebih terlihat jelas saat kondisi hujan malam hari.;0;;
Q13;penggantian lampu jalan yang padam;103;Perbaikan Pagar Pembatas KM 12;Instruksi pengelasan dan penggantian pagar guardrail yang rusak akibat kecelakaan tunggal.;0;;
Q13;penggantian lampu jalan yang padam;106;Berita Acara Kerusakan Marka Jalan;Dokumentasi teknis kerusakan cat marka jalan sepanjang 500 meter akibat pengikisan cuaca ekstrim.;0;;
Q13;penggantian lampu jalan yang padam;115;Pengajuan Klaim Asuransi Kesehatan;Berkas administrasi permohonan penggantian biaya perawatan medis staf operasional.;0;;
Q13;penggantian lampu jalan yang padam;129;Pemeliharaan Lampu Sorot Gerbang;Penggantian bohlam LED pada tower penerangan area gerbang tol SS Waru.;0;;
Q13;penggantian lampu jalan yang padam;131;Perawatan Rutin Mobil Dinas;Jadwal servis berkala dan penggantian suku cadang kendaraan operasional perusahaan.;0;;
Q13;penggantian lampu jalan yang padam;150;SE Standar Keamanan Perbaikan Jalan;Instruksi pemasangan rambu peringatan 500 meter sebelum lokasi pekerjaan teknis.;0;;
Q14;kamera CCTV gerbang;13;Audit Pendapatan Transaksi Elektronik Multi Bank;Monitoring hasil pengumpulan pendapatan tol melalui e-money, flazz, dan brizzi guna memastikan transparansi keuangan.;0;;
Q14;kamera CCTV gerbang;14;Pengadaan Vendor Kertas Struk Thermal Gerbang Tol;Keputusan penunjukan mitra penyedia alat tulis kantor dan kebutuhan operasional pencetakan struk di gardu tol.;0;;
Q14;kamera CCTV gerbang;18;Maintenance Perangkat CCTV Gerbang Juanda;Jadwal rutin pemeliharaan perangkat kamera pemantau lalin dan jaringan fiber optik untuk sentra komunikasi.;1;;
Q14;kamera CCTV gerbang;36;Instalasi Sensor Otomatis Vehicle Classification;Pemasangan teknologi baru untuk mendeteksi golongan kendaraan di gardu tol secara otomatis berbasis sensor infra merah.;0;;
Q14;kamera CCTV gerbang;43;Pemasangan Sticker Estetika Kolom Gerbang Tol;Peningkatan nilai visual pada area gerbang tol melalui pemasangan branding perusahaan dan informasi keselamatan berkendara.;0;;
Q14;kamera CCTV gerbang;72;Instruksi Pembersihan Sedimen Drainase;Pekerjaan darurat pengangkatan lumpur pada saluran air sekitar Gerbang Tol Juanda guna mencegah genangan.;0;;
Q14;kamera CCTV gerbang;94;Laporan Evaluasi Waktu Tempuh Rata-Rata;Monitoring efektivitas operasional dalam meminimalisir kemacetan di akses gerbang tol utama.;0;;
Q14;kamera CCTV gerbang;105;Pengajuan Dana Operasional Derek;Permohonan anggaran bahan bakar dan perawatan armada mobil derek di gerbang tol Menanggal.;0;;
Q14;kamera CCTV gerbang;109;Laporan Gangguan CCTV Ruas Juanda;Detail teknis pemadaman 3 unit kamera pemantau karena kerusakan modul power supply.;1;;
Q14;kamera CCTV gerbang;117;Rekonsiliasi Pendapatan Tol;Laporan pencocokan data transaksi kartu uang elektronik dengan dana yang masuk ke rekening bank.;0;;
Q14;kamera CCTV gerbang;118;BA Kerusakan Gerbang Tol Otomatis;Laporan kejadian kerusakan palang gerbang otomatis akibat ditabrak kendaraan pengguna jalan.;0;;
Q14;kamera CCTV gerbang;125;Monitoring Kecepatan Kendaraan;Laporan hasil tangkapan kamera speed sensor terhadap kendaraan yang melampaui batas kecepatan.;0;;
Q14;kamera CCTV gerbang;129;Pemeliharaan Lampu Sorot Gerbang;Penggantian bohlam LED pada tower penerangan area gerbang tol SS Waru.;0;;
Q14;kamera CCTV gerbang;134;Perintah Sosialisasi E-Toll Baru;Penugasan staf gerbang tol untuk membantu pengguna jalan dalam aktivasi kartu baru.;0;;
Q14;kamera CCTV gerbang;143;Analisis Kepadatan Gerbang Exit;Studi efisiensi penambahan gardu tol portabel untuk mengurangi antrean di jam sibuk.;0;;
Q14;kamera CCTV gerbang;145;Evaluasi Vendor Kebersihan;Laporan penilaian kinerja pihak ketiga yang mengelola kebersihan area gerbang tol.;0;;
Q14;kamera CCTV gerbang;146;BA Uji Coba Sensor Sensor RFID;Hasil pengujian pembacaan kartu otomatis pada gardu tol nomor 4 ruas Juanda.;0;;
Q15;gangguan alat komunikasi radio petugas patroli;14;Pengadaan Vendor Kertas Struk Thermal Gerbang Tol;Keputusan penunjukan mitra penyedia alat tulis kantor dan kebutuhan operasional pencetakan struk di gardu tol.;0;;
Q15;gangguan alat komunikasi radio petugas patroli;18;Maintenance Perangkat CCTV Gerbang Juanda;Jadwal rutin pemeliharaan perangkat kamera pemantau lalin dan jaringan fiber optik untuk sentra komunikasi.;0;;
Q15;gangguan alat komunikasi radio petugas patroli;26;Pelaksanaan MCU Tahunan Karyawan Operasional;Mengadakan pemeriksaan kesehatan rutin bagi petugas gardu tol dan patroli untuk menjaga performa kerja lapangan.;0;;
Q15;gangguan alat komunikasi radio petugas patroli;30;Pengadaan Seragam Dinas Baru Petugas Patroli;Standardisasi identitas visual petugas lapangan guna menunjang profesionalitas pelayanan prima kepada pengguna jalan.;0;;
Q15;gangguan alat komunikasi radio petugas patroli;37;Perbaikan Jaringan Radio Komunikasi Senkom;Penanganan kendala gangguan frekuensi HT yang digunakan petugas patroli dan derek agar koordinasi tetap lancar 24 jam.;1;;
Q15;gangguan alat komunikasi radio petugas patroli;55;Surat Perintah Tugas (SPRIN) Patroli Malam;Menugaskan unit operasional untuk meningkatkan frekuensi pengawasan lalin guna mengantisipasi gangguan kamtibmas.;0;;
Q15;gangguan alat komunikasi radio petugas patroli;56;Mutasi Internal Petugas Pengumpul Tol;Langkah penyegaran organisasi dengan melakukan rotasi staf administrasi antar gerbang tol guna peningkatan pengalaman.;0;;
Q15;gangguan alat komunikasi radio petugas patroli;70;Konfigurasi Ulang Jaringan WiFi Kantor Pusat;Optimalisasi koneksi internet guna menunjang produktivitas kerja karyawan saat pengolahan data kearsipan.;0;;
Q15;gangguan alat komunikasi radio petugas patroli;95;Pemeliharaan Perangkat Radio Link Senkom;Perbaikan alat komunikasi antar pos pantau guna kelancaran distribusi informasi lalu lintas.;1;;
Q15;gangguan alat komunikasi radio petugas patroli;102;Penugasan Petugas Layanan Jalan Tol;Keputusan Direksi mengenai jadwal piket dan penempatan personel operasional di titik pantau lalin.;0;;
Q15;gangguan alat komunikasi radio petugas patroli;109;Laporan Gangguan CCTV Ruas Juanda;Detail teknis pemadaman 3 unit kamera pemantau karena kerusakan modul power supply.;0;;
Q15;gangguan alat komunikasi radio petugas patroli;113;Koordinasi Rekayasa Lalin Operasi Lilin;Surat koordinasi dengan PJR untuk pengaturan arus mudik dan balik di akses masuk Surabaya.;0;;
Q15;gangguan alat komunikasi radio petugas patroli;119;Pemesanan Alat Tulis Kantor;Daftar kebutuhan logistik administrasi kantor pusat PT CMS untuk kuartal kedua.;0;;
Q15;gangguan alat komunikasi radio petugas patroli;120;SE Penggunaan Seragam Operasional;Aturan kewajiban mengenakan rompi keselamatan bagi petugas yang bekerja di mainroad jalan tol.;0;;
Q15;gangguan alat komunikasi radio petugas patroli;125;Monitoring Kecepatan Kendaraan;Laporan hasil tangkapan kamera speed sensor terhadap kendaraan yang melampaui batas kecepatan.;0;;
Q15;gangguan alat komunikasi radio petugas patroli;138;BA Tes Kesehatan Berkala;Dokumentasi hasil pemeriksaan medis tahunan bagi seluruh petugas lapangan PT CMS.;0;;
Q16;rekonsiliasi pendapatan tol;12;Penyesuaian Tarif Tol Tahunan Berdasarkan Inflasi;Sesuai keputusan Menteri PUPR, dilakukan penyesuaian harga tiket masuk tol Waru-Juanda untuk seluruh golongan kendaraan.;0;;
Q16;rekonsiliasi pendapatan tol;13;Audit Pendapatan Transaksi Elektronik Multi Bank;Monitoring hasil pengumpulan pendapatan tol melalui e-money, flazz, dan brizzi guna memastikan transparansi keuangan.;0;;
Q16;rekonsiliasi pendapatan tol;14;Pengadaan Vendor Kertas Struk Thermal Gerbang Tol;Keputusan penunjukan mitra penyedia alat tulis kantor dan kebutuhan operasional pencetakan struk di gardu tol.;0;;
Q16;rekonsiliasi pendapatan tol;33;Penagihan Sewa Lahan Pipa Avtur Pertamina;Administrasi pendapatan dari mitra strategis yang menggunakan lahan ruang milik jalan tol untuk kepentingan distribusi bahan bakar.;0;;
Q16;rekonsiliasi pendapatan tol;41;Penanganan Genangan Air di Gerbang Tol Berbek;Instruksi darurat pembersihan sedimen pada gorong-gorong akibat intensitas hujan tinggi yang menghambat akses masuk tol.;0;;
Q16;rekonsiliasi pendapatan tol;43;Pemasangan Sticker Estetika Kolom Gerbang Tol;Peningkatan nilai visual pada area gerbang tol melalui pemasangan branding perusahaan dan informasi keselamatan berkendara.;0;;
Q16;rekonsiliasi pendapatan tol;56;Mutasi Internal Petugas Pengumpul Tol;Langkah penyegaran organisasi dengan melakukan rotasi staf administrasi antar gerbang tol guna peningkatan pengalaman.;0;;
Q16;rekonsiliasi pendapatan tol;61;Rekonsiliasi Pendapatan Tol Bulanan;Verifikasi data antara jumlah transaksi di gardu tol dengan mutasi rekening bank e-money dan flazz.;1;;
Q16;rekonsiliasi pendapatan tol;62;Pengadaan Asuransi Aset Infrastruktur Jalan Tol;Penunjukan penyedia proteksi finansial untuk melindungi jembatan dan flyover dari risiko bencana alam.;0;;
Q16;rekonsiliasi pendapatan tol;85;Penyesuaian Anggaran Tanggap Darurat Bencana;Alokasi dana cadangan untuk penanganan kerusakan infrastruktur tol akibat cuaca ekstrem.;0;;
Q16;rekonsiliasi pendapatan tol;94;Laporan Evaluasi Waktu Tempuh Rata-Rata;Monitoring efektivitas operasional dalam meminimalisir kemacetan di akses gerbang tol utama.;0;;
Q16;rekonsiliasi pendapatan tol;101;Laporan Mingguan Lalin Tol SS Waru;Data volume kendaraan dan kepadatan arus lalu lintas pada periode minggu pertama Januari di ruas SS Waru.;0;;
Q16;rekonsiliasi pendapatan tol;105;Pengajuan Dana Operasional Derek;Permohonan anggaran bahan bakar dan perawatan armada mobil derek di gerbang tol Menanggal.;0;;
Q16;rekonsiliasi pendapatan tol;117;Rekonsiliasi Pendapatan Tol;Laporan pencocokan data transaksi kartu uang elektronik dengan dana yang masuk ke rekening bank.;1;;
Q16;rekonsiliasi pendapatan tol;120;SE Penggunaan Seragam Operasional;Aturan kewajiban mengenakan rompi keselamatan bagi petugas yang bekerja di mainroad jalan tol.;0;;
Q16;rekonsiliasi pendapatan tol;133;Penyusunan Proyeksi Cashflow;Laporan estimasi arus kas masuk dan keluar untuk operasional semester kedua.;0;;
Q16;rekonsiliasi pendapatan tol;145;Evaluasi Vendor Kebersihan;Laporan penilaian kinerja pihak ketiga yang mengelola kebersihan area gerbang tol.;0;;
Q16;rekonsiliasi pendapatan tol;147;Audit Pajak Pertambahan Nilai;Dokumen pelaporan PPN bulanan atas transaksi jasa layanan tol kepada negara.;0;;
Q17;pencocokan transaksi gardu dengan mutasi rekening bank;13;Audit Pendapatan Transaksi Elektronik Multi Bank;Monitoring hasil pengumpulan pendapatan tol melalui e-money, flazz, dan brizzi guna memastikan transparansi keuangan.;0;;
Q17;pencocokan transaksi gardu dengan mutasi rekening bank;14;Pengadaan Vendor Kertas Struk Thermal Gerbang Tol;Keputusan penunjukan mitra penyedia alat tulis kantor dan kebutuhan operasional pencetakan struk di gardu tol.;0;;
Q17;pencocokan transaksi gardu dengan mutasi rekening bank;18;Maintenance Perangkat CCTV Gerbang Juanda;Jadwal rutin pemeliharaan perangkat kamera pemantau lalin dan jaringan fiber optik untuk sentra komunikasi.;0;;
Q17;pencocokan transaksi gardu dengan mutasi rekening bank;26;Pelaksanaan MCU Tahunan Karyawan Operasional;Mengadakan pemeriksaan kesehatan rutin bagi petugas gardu tol dan patroli untuk menjaga performa kerja lapangan.;0;;
Q17;pencocokan transaksi gardu dengan mutasi rekening bank;36;Instalasi Sensor Otomatis Vehicle Classification;Pemasangan teknologi baru untuk mendeteksi golongan kendaraan di gardu tol secara otomatis berbasis sensor infra merah.;0;;
Q17;pencocokan transaksi gardu dengan mutasi rekening bank;39;Backup Rutin Server Data Metadata Dokumen;Menjamin integritas informasi melalui penyalinan data harian guna mengantisipasi kegagalan sistem atau bencana alam.;0;;
Q17;pencocokan transaksi gardu dengan mutasi rekening bank;50;Persiapan Jalur Mudik Libur Tahun Baru 2025;Instruksi penyiagaan armada rescue dan penambahan petugas gardu tol untuk mengantisipasi lonjakan volume lalin.;0;;
Q17;pencocokan transaksi gardu dengan mutasi rekening bank;56;Mutasi Internal Petugas Pengumpul Tol;Langkah penyegaran organisasi dengan melakukan rotasi staf administrasi antar gerbang tol guna peningkatan pengalaman.;0;;
Q17;pencocokan transaksi gardu dengan mutasi rekening bank;61;Rekonsiliasi Pendapatan Tol Bulanan;Verifikasi data antara jumlah transaksi di gardu tol dengan mutasi rekening bank e-money dan flazz.;1;;
Q17;pencocokan transaksi gardu dengan mutasi rekening bank;66;Integrasi API E-Arsip dengan Dashboard HRD;Pengembangan fitur koneksi data agar metadata surat keputusan SDM dapat diakses langsung oleh manajer personalia.;0;;
Q17;pencocokan transaksi gardu dengan mutasi rekening bank;88;Pembersihan Data Noise pada Basis Data Vektor;Langkah optimasi algoritma clustering agar pengelompokan dokumen menjadi lebih presisi dan efisien.;0;;
Q17;pencocokan transaksi gardu dengan mutasi rekening bank;117;Rekonsiliasi Pendapatan Tol;Laporan pencocokan data transaksi kartu uang elektronik dengan dana yang masuk ke rekening bank.;1;;
Q17;pencocokan transaksi gardu dengan mutasi rekening bank;133;Penyusunan Proyeksi Cashflow;Laporan estimasi arus kas masuk dan keluar untuk operasional semester kedua.;0;;
Q17;pencocokan transaksi gardu dengan mutasi rekening bank;135;Update Data Keluarga Karyawan;Permohonan pembaharuan data tanggungan untuk kepentingan asuransi kesehatan perusahaan.;0;;
Q17;pencocokan transaksi gardu dengan mutasi rekening bank;143;Analisis Kepadatan Gerbang Exit;Studi efisiensi penambahan gardu tol portabel untuk mengurangi antrean di jam sibuk.;0;;
Q17;pencocokan transaksi gardu dengan mutasi rekening bank;146;BA Uji Coba Sensor Sensor RFID;Hasil pengujian pembacaan kartu otomatis pada gardu tol nomor 4 ruas Juanda.;0;;
Q17;pencocokan transaksi gardu dengan mutasi rekening bank;147;Audit Pajak Pertambahan Nilai;Dokumen pelaporan PPN bulanan atas transaksi jasa layanan tol kepada negara.;0;;
Q18;audit keuangan perusahaan;9;Sosialisasi Budaya Perusahaan (Integrity & Teamwork);Undangan kepada seluruh jajaran staf PT CMS untuk mengikuti workshop penguatan nilai-nilai perusahaan dan kolaborasi kerja.;0;;
Q18;audit keuangan perusahaan;11;Laporan Realisasi Anggaran Triwulan I;Berdasarkan audit keuangan, rincian pengeluaran operasional dan investasi infrastruktur telah sesuai dengan target RKAP.;1;;
Q18;audit keuangan perusahaan;13;Audit Pendapatan Transaksi Elektronik Multi Bank;Monitoring hasil pengumpulan pendapatan tol melalui e-money, flazz, dan brizzi guna memastikan transparansi keuangan.;1;;
Q18;audit keuangan perusahaan;44;Laporan Bulanan Standar Pelayanan Minimal (SPM);Evaluasi terhadap kepatuhan perusahaan dalam memenuhi target waktu tempuh, kondisi jalan, dan keamanan lalin.;0;;
Q18;audit keuangan perusahaan;48;Audit Eksternal oleh Kantor Akuntan Publik;Persiapan dokumen finansial untuk dilakukan pemeriksaan oleh pihak independen guna menjamin akuntabilitas korporasi.;1;;
Q18;audit keuangan perusahaan;65;Audit Internal Sistem Keuangan Perusahaan;Evaluasi kepatuhan prosedur akuntansi terhadap kebijakan pengelolaan dana investasi infrastruktur.;1;;
Q18;audit keuangan perusahaan;82;Pembayaran Dividen Tahunan kepada CMNP;Melaksanakan kewajiban distribusi laba bersih perusahaan kepada pemegang saham mayoritas.;0;;
Q18;audit keuangan perusahaan;83;Laporan Pajak Penghasilan (PPh) Karyawan;Administrasi pemotongan dan pelaporan pajak tahunan staf PT Citra Margatama Surabaya.;0;;
Q18;audit keuangan perusahaan;98;Penyusunan Draft Laporan Keuangan Tahunan;Persiapan data neraca dan laba rugi untuk keperluan audit oleh Kantor Akuntan Publik.;1;;
Q18;audit keuangan perusahaan;110;Penetapan Anggaran Tahunan 2026;Pengesahan dokumen rencana kerja dan anggaran perusahaan untuk divisi operasional dan SDM.;0;;
Q18;audit keuangan perusahaan;121;Sosialisasi Budaya Kerja Perusahaan;Undangan bagi seluruh karyawan untuk mengikuti workshop pengembangan karakter organisasi.;0;;
Q18;audit keuangan perusahaan;124;Perintah Audit Internal Divisi;Instruksi pelaksanaan pemeriksaan keuangan internal untuk memastikan akuntabilitas anggaran.;1;;
Q18;audit keuangan perusahaan;126;BA Rapat Evaluasi Bulanan;Notulensi resmi mengenai progres capaian target perusahaan periode Mei 2026.;0;;
Q18;audit keuangan perusahaan;133;Penyusunan Proyeksi Cashflow;Laporan estimasi arus kas masuk dan keluar untuk operasional semester kedua.;0;;
Q18;audit keuangan perusahaan;147;Audit Pajak Pertambahan Nilai;Dokumen pelaporan PPN bulanan atas transaksi jasa layanan tol kepada negara.;0;;
Q19;pemeriksaan pembukuan oleh pihak independen;1;Pembentukan Panitia PHO Pekerjaan Overlay Jalur A;Menimbang berakhirnya pekerjaan pemeliharaan jalan tol SS Waru-Juanda 2022, perlu membentuk Panitia Serah Terima Sementara (PHO).;0;;
Q19;pemeriksaan pembukuan oleh pihak independen;2;Pembentukan Panitia FHO Pekerjaan Overlay Jalur B;Memutuskan penetapan panitia Serah Terima Akhir untuk proyek pengerasan aspal pada kilometer 00+820 sampai 04+468.;0;;
Q19;pemeriksaan pembukuan oleh pihak independen;3;Penunjukan Tim Pengawas Lapangan Perbaikan Pagar;Menetapkan personel teknis untuk melakukan monitoring terhadap perbaikan pagar pengaman di sepanjang mainroad jalan tol.;0;;
Q19;pemeriksaan pembukuan oleh pihak independen;11;Laporan Realisasi Anggaran Triwulan I;Berdasarkan audit keuangan, rincian pengeluaran operasional dan investasi infrastruktur telah sesuai dengan target RKAP.;0;;
Q19;pemeriksaan pembukuan oleh pihak independen;13;Audit Pendapatan Transaksi Elektronik Multi Bank;Monitoring hasil pengumpulan pendapatan tol melalui e-money, flazz, dan brizzi guna memastikan transparansi keuangan.;0;;
Q19;pemeriksaan pembukuan oleh pihak independen;19;Pengujian Algoritma Clustering HDBSCAN pada Arsip;Laporan hasil eksperimen pengelompokan dokumen otomatis menggunakan metode berbasis kepadatan spasial untuk sistem kearsipan.;0;;
Q19;pemeriksaan pembukuan oleh pihak independen;26;Pelaksanaan MCU Tahunan Karyawan Operasional;Mengadakan pemeriksaan kesehatan rutin bagi petugas gardu tol dan patroli untuk menjaga performa kerja lapangan.;0;;
Q19;pemeriksaan pembukuan oleh pihak independen;48;Audit Eksternal oleh Kantor Akuntan Publik;Persiapan dokumen finansial untuk dilakukan pemeriksaan oleh pihak independen guna menjamin akuntabilitas korporasi.;1;;
Q19;pemeriksaan pembukuan oleh pihak independen;54;Evaluasi Kinerja Vendor Pemeliharaan Flyover;Menimbang kualitas pengerjaan overlay jalur A, perlu dilakukan peninjauan ulang terhadap kontrak kerja sama pihak ketiga.;0;;
Q19;pemeriksaan pembukuan oleh pihak independen;61;Rekonsiliasi Pendapatan Tol Bulanan;Verifikasi data antara jumlah transaksi di gardu tol dengan mutasi rekening bank e-money dan flazz.;0;;
Q19;pemeriksaan pembukuan oleh pihak independen;65;Audit Internal Sistem Keuangan Perusahaan;Evaluasi kepatuhan prosedur akuntansi terhadap kebijakan pengelolaan dana investasi infrastruktur.;0;;
Q19;pemeriksaan pembukuan oleh pihak independen;75;Sertifikasi Laik Operasi Kendaraan Derek;Pemeriksaan kelayakan teknis armada bantuan lalin guna menjamin keselamatan proses evakuasi di jalan tol.;0;;
Q19;pemeriksaan pembukuan oleh pihak independen;83;Laporan Pajak Penghasilan (PPh) Karyawan;Administrasi pemotongan dan pelaporan pajak tahunan staf PT Citra Margatama Surabaya.;0;;
Q19;pemeriksaan pembukuan oleh pihak independen;98;Penyusunan Draft Laporan Keuangan Tahunan;Persiapan data neraca dan laba rugi untuk keperluan audit oleh Kantor Akuntan Publik.;1;;
Q19;pemeriksaan pembukuan oleh pihak independen;117;Rekonsiliasi Pendapatan Tol;Laporan pencocokan data transaksi kartu uang elektronik dengan dana yang masuk ke rekening bank.;0;;
Q19;pemeriksaan pembukuan oleh pihak independen;124;Perintah Audit Internal Divisi;Instruksi pelaksanaan pemeriksaan keuangan internal untuk memastikan akuntabilitas anggaran.;0;;
Q19;pemeriksaan pembukuan oleh pihak independen;133;Penyusunan Proyeksi Cashflow;Laporan estimasi arus kas masuk dan keluar untuk operasional semester kedua.;0;;
Q19;pemeriksaan pembukuan oleh pihak independen;138;BA Tes Kesehatan Berkala;Dokumentasi hasil pemeriksaan medis tahunan bagi seluruh petugas lapangan PT CMS.;0;;
Q19;pemeriksaan pembukuan oleh pihak independen;145;Evaluasi Vendor Kebersihan;Laporan penilaian kinerja pihak ketiga yang mengelola kebersihan area gerbang tol.;0;;
Q19;pemeriksaan pembukuan oleh pihak independen;147;Audit Pajak Pertambahan Nilai;Dokumen pelaporan PPN bulanan atas transaksi jasa layanan tol kepada negara.;0;;
Q20;dividen pemegang saham;1;Pembentukan Panitia PHO Pekerjaan Overlay Jalur A;Menimbang berakhirnya pekerjaan pemeliharaan jalan tol SS Waru-Juanda 2022, perlu membentuk Panitia Serah Terima Sementara (PHO).;0;;
Q20;dividen pemegang saham;2;Pembentukan Panitia FHO Pekerjaan Overlay Jalur B;Memutuskan penetapan panitia Serah Terima Akhir untuk proyek pengerasan aspal pada kilometer 00+820 sampai 04+468.;0;;
Q20;dividen pemegang saham;3;Penunjukan Tim Pengawas Lapangan Perbaikan Pagar;Menetapkan personel teknis untuk melakukan monitoring terhadap perbaikan pagar pengaman di sepanjang mainroad jalan tol.;0;;
Q20;dividen pemegang saham;4;Jadwal Pemeliharaan Rutin Drainase Semester I;Rincian kegiatan pembersihan saluran air dan gorong-gorong guna mencegah genangan saat musim penghujan di area tol.;0;;
Q20;dividen pemegang saham;5;Instruksi Perbaikan Lampu PJU Menanggal;Menginstruksikan divisi terkait untuk segera melakukan penggantian lampu penerangan jalan umum yang padam di gerbang tol Menanggal.;0;;
Q20;dividen pemegang saham;6;Penetapan Struktur Organisasi Divisi IT Baru;Berdasarkan keputusan direksi untuk optimalisasi kinerja, menetapkan susunan baru staf IT dan administrator sistem e-arsip.;0;;
Q20;dividen pemegang saham;7;Pelatihan Sertifikasi Kompetensi Tenaga Teknik;Dalam rangka peningkatan SDM, perusahaan mengirimkan staf teknis untuk mengikuti pelatihan kelistrikan di Surabaya.;0;;
Q20;dividen pemegang saham;8;Pemberian Penghargaan Karyawan Teladan 2024;Menimbang prestasi kerja yang dicapai, Direksi memberikan apresiasi kepada karyawan berprestasi di unit operasional.;0;;
Q20;dividen pemegang saham;13;Audit Pendapatan Transaksi Elektronik Multi Bank;Monitoring hasil pengumpulan pendapatan tol melalui e-money, flazz, dan brizzi guna memastikan transparansi keuangan.;0;;
Q20;dividen pemegang saham;14;Pengadaan Vendor Kertas Struk Thermal Gerbang Tol;Keputusan penunjukan mitra penyedia alat tulis kantor dan kebutuhan operasional pencetakan struk di gardu tol.;0;;
Q20;dividen pemegang saham;15;Pembayaran Pajak Bumi dan Bangunan Lahan ROW;Melaksanakan kewajiban administrasi finansial terhadap aset tanah yang digunakan sebagai ruang milik jalan tol.;0;;
Q20;dividen pemegang saham;28;Penetapan Dana Santunan Duka Cita Karyawan;Kebijakan pemberian bantuan sosial bagi keluarga staf yang mengalami musibah sebagai bentuk kepedulian perusahaan.;0;;
Q20;dividen pemegang saham;33;Penagihan Sewa Lahan Pipa Avtur Pertamina;Administrasi pendapatan dari mitra strategis yang menggunakan lahan ruang milik jalan tol untuk kepentingan distribusi bahan bakar.;0;;
Q20;dividen pemegang saham;35;Penyerahan Dividen kepada Pemegang Saham;Distribusi keuntungan perusahaan hasil dari pengelolaan jalan tol kepada PT CMNP dan PT Jasa Marga.;1;;
Q20;dividen pemegang saham;46;Penetapan Bonus Akhir Tahun Karyawan PT CMS;Berdasarkan pencapaian laba perusahaan, Direksi menyetujui pemberian insentif tambahan bagi seluruh staf tetap.;0;;
Q20;dividen pemegang saham;82;Pembayaran Dividen Tahunan kepada CMNP;Melaksanakan kewajiban distribusi laba bersih perusahaan kepada pemegang saham mayoritas.;1;;
Q20;dividen pemegang saham;83;Laporan Pajak Penghasilan (PPh) Karyawan;Administrasi pemotongan dan pelaporan pajak tahunan staf PT Citra Margatama Surabaya.;0;;
Q20;dividen pemegang saham;112;Berita Acara Serah Terima Laptop;Penyerahan aset inventaris perusahaan berupa perangkat komputer kepada karyawan baru divisi TI.;0;;
Q20;dividen pemegang saham;130;Pemberian Bonus Kinerja Semester I;Keputusan Direksi mengenai distribusi insentif prestasi bagi staf berprestasi.;0;;
Q20;dividen pemegang saham;149;Undangan Rapat Pemegang Saham;Pemberitahuan resmi agenda rapat evaluasi tahunan bersama dewan komisaris.;0;;
Q21;pembagian laba kepada pemilik saham;1;Pembentukan Panitia PHO Pekerjaan Overlay Jalur A;Menimbang berakhirnya pekerjaan pemeliharaan jalan tol SS Waru-Juanda 2022, perlu membentuk Panitia Serah Terima Sementara (PHO).;0;;
Q21;pembagian laba kepada pemilik saham;2;Pembentukan Panitia FHO Pekerjaan Overlay Jalur B;Memutuskan penetapan panitia Serah Terima Akhir untuk proyek pengerasan aspal pada kilometer 00+820 sampai 04+468.;0;;
Q21;pembagian laba kepada pemilik saham;3;Penunjukan Tim Pengawas Lapangan Perbaikan Pagar;Menetapkan personel teknis untuk melakukan monitoring terhadap perbaikan pagar pengaman di sepanjang mainroad jalan tol.;0;;
Q21;pembagian laba kepada pemilik saham;4;Jadwal Pemeliharaan Rutin Drainase Semester I;Rincian kegiatan pembersihan saluran air dan gorong-gorong guna mencegah genangan saat musim penghujan di area tol.;0;;
Q21;pembagian laba kepada pemilik saham;5;Instruksi Perbaikan Lampu PJU Menanggal;Menginstruksikan divisi terkait untuk segera melakukan penggantian lampu penerangan jalan umum yang padam di gerbang tol Menanggal.;0;;
Q21;pembagian laba kepada pemilik saham;6;Penetapan Struktur Organisasi Divisi IT Baru;Berdasarkan keputusan direksi untuk optimalisasi kinerja, menetapkan susunan baru staf IT dan administrator sistem e-arsip.;0;;
Q21;pembagian laba kepada pemilik saham;8;Pemberian Penghargaan Karyawan Teladan 2024;Menimbang prestasi kerja yang dicapai, Direksi memberikan apresiasi kepada karyawan berprestasi di unit operasional.;0;;
Q21;pembagian laba kepada pemilik saham;15;Pembayaran Pajak Bumi dan Bangunan Lahan ROW;Melaksanakan kewajiban administrasi finansial terhadap aset tanah yang digunakan sebagai ruang milik jalan tol.;0;;
Q21;pembagian laba kepada pemilik saham;33;Penagihan Sewa Lahan Pipa Avtur Pertamina;Administrasi pendapatan dari mitra strategis yang menggunakan lahan ruang milik jalan tol untuk kepentingan distribusi bahan bakar.;0;;
Q21;pembagian laba kepada pemilik saham;35;Penyerahan Dividen kepada Pemegang Saham;Distribusi keuntungan perusahaan hasil dari pengelolaan jalan tol kepada PT CMNP dan PT Jasa Marga.;1;;
Q21;pembagian laba kepada pemilik saham;46;Penetapan Bonus Akhir Tahun Karyawan PT CMS;Berdasarkan pencapaian laba perusahaan, Direksi menyetujui pemberian insentif tambahan bagi seluruh staf tetap.;0;;
Q21;pembagian laba kepada pemilik saham;82;Pembayaran Dividen Tahunan kepada CMNP;Melaksanakan kewajiban distribusi laba bersih perusahaan kepada pemegang saham mayoritas.;1;;
Q21;pembagian laba kepada pemilik saham;83;Laporan Pajak Penghasilan (PPh) Karyawan;Administrasi pemotongan dan pelaporan pajak tahunan staf PT Citra Margatama Surabaya.;0;;
Q21;pembagian laba kepada pemilik saham;98;Penyusunan Draft Laporan Keuangan Tahunan;Persiapan data neraca dan laba rugi untuk keperluan audit oleh Kantor Akuntan Publik.;0;;
Q21;pembagian laba kepada pemilik saham;112;Berita Acara Serah Terima Laptop;Penyerahan aset inventaris perusahaan berupa perangkat komputer kepada karyawan baru divisi TI.;0;;
Q21;pembagian laba kepada pemilik saham;130;Pemberian Bonus Kinerja Semester I;Keputusan Direksi mengenai distribusi insentif prestasi bagi staf berprestasi.;0;;
Q21;pembagian laba kepada pemilik saham;133;Penyusunan Proyeksi Cashflow;Laporan estimasi arus kas masuk dan keluar untuk operasional semester kedua.;0;;
Q21;pembagian laba kepada pemilik saham;149;Undangan Rapat Pemegang Saham;Pemberitahuan resmi agenda rapat evaluasi tahunan bersama dewan komisaris.;0;;
Q22;rencana anggaran tahunan;11;Laporan Realisasi Anggaran Triwulan I;Berdasarkan audit keuangan, rincian pengeluaran operasional dan investasi infrastruktur telah sesuai dengan target RKAP.;0;;
Q22;rencana anggaran tahunan;26;Pelaksanaan MCU Tahunan Karyawan Operasional;Mengadakan pemeriksaan kesehatan rutin bagi petugas gardu tol dan patroli untuk menjaga performa kerja lapangan.;0;;
Q22;rencana anggaran tahunan;34;Rencana Kerja Anggaran Perusahaan (RKAP) 2025;Draft awal perencanaan finansial untuk proyeksi pembangunan dan pemeliharaan infrastruktur di tahun mendatang.;1;;
Q22;rencana anggaran tahunan;77;Undangan Rapat Evaluasi Kinerja Semester I;Pertemuan seluruh kepala divisi untuk mempresentasikan laporan progres kerja tahun berjalan.;0;;
Q22;rencana anggaran tahunan;81;Anggaran Perbaikan Gedung Kantor Pusat;Rincian dana untuk renovasi ruang administrasi guna menunjang kenyamanan operasional divisi IT.;0;;
Q22;rencana anggaran tahunan;82;Pembayaran Dividen Tahunan kepada CMNP;Melaksanakan kewajiban distribusi laba bersih perusahaan kepada pemegang saham mayoritas.;0;;
Q22;rencana anggaran tahunan;83;Laporan Pajak Penghasilan (PPh) Karyawan;Administrasi pemotongan dan pelaporan pajak tahunan staf PT Citra Margatama Surabaya.;0;;
Q22;rencana anggaran tahunan;85;Penyesuaian Anggaran Tanggap Darurat Bencana;Alokasi dana cadangan untuk penanganan kerusakan infrastruktur tol akibat cuaca ekstrem.;0;;
Q22;rencana anggaran tahunan;98;Penyusunan Draft Laporan Keuangan Tahunan;Persiapan data neraca dan laba rugi untuk keperluan audit oleh Kantor Akuntan Publik.;0;;
Q22;rencana anggaran tahunan;105;Pengajuan Dana Operasional Derek;Permohonan anggaran bahan bakar dan perawatan armada mobil derek di gerbang tol Menanggal.;0;;
Q22;rencana anggaran tahunan;110;Penetapan Anggaran Tahunan 2026;Pengesahan dokumen rencana kerja dan anggaran perusahaan untuk divisi operasional dan SDM.;1;;
Q22;rencana anggaran tahunan;111;Jadwal Pembersihan Saluran Air;Rencana kerja rutin pembersihan drainase sisi jalan tol untuk mencegah genangan air.;0;;
Q22;rencana anggaran tahunan;124;Perintah Audit Internal Divisi;Instruksi pelaksanaan pemeriksaan keuangan internal untuk memastikan akuntabilitas anggaran.;0;;
Q22;rencana anggaran tahunan;126;BA Rapat Evaluasi Bulanan;Notulensi resmi mengenai progres capaian target perusahaan periode Mei 2026.;0;;
Q22;rencana anggaran tahunan;133;Penyusunan Proyeksi Cashflow;Laporan estimasi arus kas masuk dan keluar untuk operasional semester kedua.;0;;
Q22;rencana anggaran tahunan;138;BA Tes Kesehatan Berkala;Dokumentasi hasil pemeriksaan medis tahunan bagi seluruh petugas lapangan PT CMS.;0;;
Q22;rencana anggaran tahunan;149;Undangan Rapat Pemegang Saham;Pemberitahuan resmi agenda rapat evaluasi tahunan bersama dewan komisaris.;0;;
Q23;pemberian bonus karyawan;8;Pemberian Penghargaan Karyawan Teladan 2024;Menimbang prestasi kerja yang dicapai, Direksi memberikan apresiasi kepada karyawan berprestasi di unit operasional.;0;;
Q23;pemberian bonus karyawan;26;Pelaksanaan MCU Tahunan Karyawan Operasional;Mengadakan pemeriksaan kesehatan rutin bagi petugas gardu tol dan patroli untuk menjaga performa kerja lapangan.;0;;
Q23;pemberian bonus karyawan;28;Penetapan Dana Santunan Duka Cita Karyawan;Kebijakan pemberian bantuan sosial bagi keluarga staf yang mengalami musibah sebagai bentuk kepedulian perusahaan.;0;;
Q23;pemberian bonus karyawan;35;Penyerahan Dividen kepada Pemegang Saham;Distribusi keuntungan perusahaan hasil dari pengelolaan jalan tol kepada PT CMNP dan PT Jasa Marga.;0;;
Q23;pemberian bonus karyawan;46;Penetapan Bonus Akhir Tahun Karyawan PT CMS;Berdasarkan pencapaian laba perusahaan, Direksi menyetujui pemberian insentif tambahan bagi seluruh staf tetap.;1;;
Q23;pemberian bonus karyawan;60;Pemberian Beasiswa Pendidikan Anak Karyawan;Program kesejahteraan perusahaan dalam bentuk bantuan biaya sekolah bagi keluarga staf yang berprestasi.;0;;
Q23;pemberian bonus karyawan;76;Penetapan Dana Santunan Kesehatan Staf;Kebijakan dukungan finansial bagi karyawan yang membutuhkan perawatan medis khusus di rumah sakit.;0;;
Q23;pemberian bonus karyawan;82;Pembayaran Dividen Tahunan kepada CMNP;Melaksanakan kewajiban distribusi laba bersih perusahaan kepada pemegang saham mayoritas.;0;;
Q23;pemberian bonus karyawan;97;Pemberian Tunjangan Hari Raya bagi Outsourcing;Kebijakan distribusi insentif bagi petugas kebersihan dan keamanan yang bertugas di PT CMS.;0;;
Q23;pemberian bonus karyawan;121;Sosialisasi Budaya Kerja Perusahaan;Undangan bagi seluruh karyawan untuk mengikuti workshop pengembangan karakter organisasi.;0;;
Q23;pemberian bonus karyawan;130;Pemberian Bonus Kinerja Semester I;Keputusan Direksi mengenai distribusi insentif prestasi bagi staf berprestasi.;1;;
Q23;pemberian bonus karyawan;135;Update Data Keluarga Karyawan;Permohonan pembaharuan data tanggungan untuk kepentingan asuransi kesehatan perusahaan.;0;;
Q23;pemberian bonus karyawan;141;Alokasi Dana CSR Pendidikan;Pengajuan bantuan beasiswa bagi anak karyawan operasional yang berprestasi.;0;;
Q24;insentif tambahan atas prestasi kerja staf;8;Pemberian Penghargaan Karyawan Teladan 2024;Menimbang prestasi kerja yang dicapai, Direksi memberikan apresiasi kepada karyawan berprestasi di unit operasional.;0;;
Q24;insentif tambahan atas prestasi kerja staf;9;Sosialisasi Budaya Perusahaan (Integrity & Teamwork);Undangan kepada seluruh jajaran staf PT CMS untuk mengikuti workshop penguatan nilai-nilai perusahaan dan kolaborasi kerja.;0;;
Q24;insentif tambahan atas prestasi kerja staf;26;Pelaksanaan MCU Tahunan Karyawan Operasional;Mengadakan pemeriksaan kesehatan rutin bagi petugas gardu tol dan patroli untuk menjaga performa kerja lapangan.;0;;
Q24;insentif tambahan atas prestasi kerja staf;28;Penetapan Dana Santunan Duka Cita Karyawan;Kebijakan pemberian bantuan sosial bagi keluarga staf yang mengalami musibah sebagai bentuk kepedulian perusahaan.;0;;
Q24;insentif tambahan atas prestasi kerja staf;46;Penetapan Bonus Akhir Tahun Karyawan PT CMS;Berdasarkan pencapaian laba perusahaan, Direksi menyetujui pemberian insentif tambahan bagi seluruh staf tetap.;1;;
Q24;insentif tambahan atas prestasi kerja staf;56;Mutasi Internal Petugas Pengumpul Tol;Langkah penyegaran organisasi dengan melakukan rotasi staf administrasi antar gerbang tol guna peningkatan pengalaman.;0;;
Q24;insentif tambahan atas prestasi kerja staf;59;Sosialisasi Perjanjian Kerja Bersama (PKB);Pertemuan antara manajemen dan serikat pekerja untuk menyelaraskan hak dan kewajiban karyawan demi iklim kerja kondusif.;0;;
Q24;insentif tambahan atas prestasi kerja staf;60;Pemberian Beasiswa Pendidikan Anak Karyawan;Program kesejahteraan perusahaan dalam bentuk bantuan biaya sekolah bagi keluarga staf yang berprestasi.;0;;
Q24;insentif tambahan atas prestasi kerja staf;76;Penetapan Dana Santunan Kesehatan Staf;Kebijakan dukungan finansial bagi karyawan yang membutuhkan perawatan medis khusus di rumah sakit.;0;;
Q24;insentif tambahan atas prestasi kerja staf;96;Penetapan Struktur Tim K3 (HSE) Perusahaan;Membentuk unit kerja khusus yang bertanggung jawab atas keselamatan dan kesehatan lingkungan kerja.;0;;
Q24;insentif tambahan atas prestasi kerja staf;97;Pemberian Tunjangan Hari Raya bagi Outsourcing;Kebijakan distribusi insentif bagi petugas kebersihan dan keamanan yang bertugas di PT CMS.;0;;
Q24;insentif tambahan atas prestasi kerja staf;104;Surat Perintah Tugas IT Support;Perintah kepada staf IT untuk melakukan maintenance server database E-Arsip secara berkala.;0;;
Q24;insentif tambahan atas prestasi kerja staf;110;Penetapan Anggaran Tahunan 2026;Pengesahan dokumen rencana kerja dan anggaran perusahaan untuk divisi operasional dan SDM.;0;;
Q24;insentif tambahan atas prestasi kerja staf;115;Pengajuan Klaim Asuransi Kesehatan;Berkas administrasi permohonan penggantian biaya perawatan medis staf operasional.;0;;
Q24;insentif tambahan atas prestasi kerja staf;121;Sosialisasi Budaya Kerja Perusahaan;Undangan bagi seluruh karyawan untuk mengikuti workshop pengembangan karakter organisasi.;0;;
Q24;insentif tambahan atas prestasi kerja staf;130;Pemberian Bonus Kinerja Semester I;Keputusan Direksi mengenai distribusi insentif prestasi bagi staf berprestasi.;1;;
Q24;insentif tambahan atas prestasi kerja staf;141;Alokasi Dana CSR Pendidikan;Pengajuan bantuan beasiswa bagi anak karyawan operasional yang berprestasi.;0;;
Q25;jam kerja Ramadhan;10;Aturan Jam Kerja Selama Bulan Ramadhan;Menetapkan penyesuaian jadwal operasional kantor pusat dan gerbang tol selama periode bulan suci bagi seluruh karyawan.;1;;
Q25;jam kerja Ramadhan;26;Pelaksanaan MCU Tahunan Karyawan Operasional;Mengadakan pemeriksaan kesehatan rutin bagi petugas gardu tol dan patroli untuk menjaga performa kerja lapangan.;0;;
Q25;jam kerja Ramadhan;27;Rekrutmen Tenaga Magang MBKM Jurusan IT;Kerja sama dengan universitas untuk memberikan pengalaman praktis bagi mahasiswa dalam pengembangan sistem digital CMS.;0;;
Q25;jam kerja Ramadhan;37;Perbaikan Jaringan Radio Komunikasi Senkom;Penanganan kendala gangguan frekuensi HT yang digunakan petugas patroli dan derek agar koordinasi tetap lancar 24 jam.;0;;
Q25;jam kerja Ramadhan;44;Laporan Bulanan Standar Pelayanan Minimal (SPM);Evaluasi terhadap kepatuhan perusahaan dalam memenuhi target waktu tempuh, kondisi jalan, dan keamanan lalin.;0;;
Q25;jam kerja Ramadhan;47;Jadwal Cuti Bersama Akhir Tahun 2024;Menetapkan daftar piket petugas operasional gerbang tol agar tetap siaga melayani lalin saat periode libur natal.;0;;
Q25;jam kerja Ramadhan;58;Penetapan Standar Seragam Kerja Baru 2025;Direksi menetapkan pedoman berpakaian dinas harian bagi seluruh karyawan tetap dan tenaga outsourcing PT CMS.;0;;
Q25;jam kerja Ramadhan;59;Sosialisasi Perjanjian Kerja Bersama (PKB);Pertemuan antara manajemen dan serikat pekerja untuk menyelaraskan hak dan kewajiban karyawan demi iklim kerja kondusif.;0;;
Q25;jam kerja Ramadhan;70;Konfigurasi Ulang Jaringan WiFi Kantor Pusat;Optimalisasi koneksi internet guna menunjang produktivitas kerja karyawan saat pengolahan data kearsipan.;0;;
Q25;jam kerja Ramadhan;77;Undangan Rapat Evaluasi Kinerja Semester I;Pertemuan seluruh kepala divisi untuk mempresentasikan laporan progres kerja tahun berjalan.;0;;
Q25;jam kerja Ramadhan;80;Aturan Protokol Kesehatan di Lingkungan Kantor;Keputusan direksi mengenai panduan menjaga kebersihan dan kesehatan di area kerja PT CMS.;0;;
Q25;jam kerja Ramadhan;92;Koordinasi Penertiban Kendaraan ODOL;Kerja sama dengan PJR untuk melakukan razia kendaraan bermuatan lebih guna menjaga keawetan aspal.;0;;
Q25;jam kerja Ramadhan;96;Penetapan Struktur Tim K3 (HSE) Perusahaan;Membentuk unit kerja khusus yang bertanggung jawab atas keselamatan dan kesehatan lingkungan kerja.;0;;
Q25;jam kerja Ramadhan;97;Pemberian Tunjangan Hari Raya bagi Outsourcing;Kebijakan distribusi insentif bagi petugas kebersihan dan keamanan yang bertugas di PT CMS.;0;;
Q25;jam kerja Ramadhan;102;Penugasan Petugas Layanan Jalan Tol;Keputusan Direksi mengenai jadwal piket dan penempatan personel operasional di titik pantau lalin.;0;;
Q25;jam kerja Ramadhan;108;Surat Edaran Jam Kerja Puasa;Pemberitahuan perubahan jadwal masuk dan pulang karyawan selama masa bulan Ramadhan.;1;;
Q25;jam kerja Ramadhan;110;Penetapan Anggaran Tahunan 2026;Pengesahan dokumen rencana kerja dan anggaran perusahaan untuk divisi operasional dan SDM.;0;;
Q25;jam kerja Ramadhan;112;Berita Acara Serah Terima Laptop;Penyerahan aset inventaris perusahaan berupa perangkat komputer kepada karyawan baru divisi TI.;0;;
Q25;jam kerja Ramadhan;119;Pemesanan Alat Tulis Kantor;Daftar kebutuhan logistik administrasi kantor pusat PT CMS untuk kuartal kedua.;0;;
Q25;jam kerja Ramadhan;121;Sosialisasi Budaya Kerja Perusahaan;Undangan bagi seluruh karyawan untuk mengikuti workshop pengembangan karakter organisasi.;0;;
Q25;jam kerja Ramadhan;140;SE Kebersihan Lingkungan Kantor;Himbauan untuk menjaga kerapihan meja kerja dan pengurangan penggunaan plastik sekali pakai.;0;;
Q25;jam kerja Ramadhan;143;Analisis Kepadatan Gerbang Exit;Studi efisiensi penambahan gardu tol portabel untuk mengurangi antrean di jam sibuk.;0;;
Q26;penyesuaian jadwal masuk dan pulang selama bulan puasa;10;Aturan Jam Kerja Selama Bulan Ramadhan;Menetapkan penyesuaian jadwal operasional kantor pusat dan gerbang tol selama periode bulan suci bagi seluruh karyawan.;1;;
Q26;penyesuaian jadwal masuk dan pulang selama bulan puasa;12;Penyesuaian Tarif Tol Tahunan Berdasarkan Inflasi;Sesuai keputusan Menteri PUPR, dilakukan penyesuaian harga tiket masuk tol Waru-Juanda untuk seluruh golongan kendaraan.;0;;
Q26;penyesuaian jadwal masuk dan pulang selama bulan puasa;44;Laporan Bulanan Standar Pelayanan Minimal (SPM);Evaluasi terhadap kepatuhan perusahaan dalam memenuhi target waktu tempuh, kondisi jalan, dan keamanan lalin.;0;;
Q26;penyesuaian jadwal masuk dan pulang selama bulan puasa;47;Jadwal Cuti Bersama Akhir Tahun 2024;Menetapkan daftar piket petugas operasional gerbang tol agar tetap siaga melayani lalin saat periode libur natal.;0;;
Q26;penyesuaian jadwal masuk dan pulang selama bulan puasa;50;Persiapan Jalur Mudik Libur Tahun Baru 2025;Instruksi penyiagaan armada rescue dan penambahan petugas gardu tol untuk mengantisipasi lonjakan volume lalin.;0;;
Q26;penyesuaian jadwal masuk dan pulang selama bulan puasa;77;Undangan Rapat Evaluasi Kinerja Semester I;Pertemuan seluruh kepala divisi untuk mempresentasikan laporan progres kerja tahun berjalan.;0;;
Q26;penyesuaian jadwal masuk dan pulang selama bulan puasa;84;Pengadaan Vendor Konsumsi Rapat Direksi;Keputusan penunjukan mitra katering untuk mendukung kegiatan formal perusahaan selama satu semester.;0;;
Q26;penyesuaian jadwal masuk dan pulang selama bulan puasa;85;Penyesuaian Anggaran Tanggap Darurat Bencana;Alokasi dana cadangan untuk penanganan kerusakan infrastruktur tol akibat cuaca ekstrem.;0;;
Q26;penyesuaian jadwal masuk dan pulang selama bulan puasa;102;Penugasan Petugas Layanan Jalan Tol;Keputusan Direksi mengenai jadwal piket dan penempatan personel operasional di titik pantau lalin.;0;;
Q26;penyesuaian jadwal masuk dan pulang selama bulan puasa;108;Surat Edaran Jam Kerja Puasa;Pemberitahuan perubahan jadwal masuk dan pulang karyawan selama masa bulan Ramadhan.;1;;
Q26;penyesuaian jadwal masuk dan pulang selama bulan puasa;113;Koordinasi Rekayasa Lalin Operasi Lilin;Surat koordinasi dengan PJR untuk pengaturan arus mudik dan balik di akses masuk Surabaya.;0;;
Q26;penyesuaian jadwal masuk dan pulang selama bulan puasa;114;Perintah Pengamanan Kantor Pusat;Instruksi kepada tim security untuk meningkatkan kewaspadaan selama masa libur panjang.;0;;
Q26;penyesuaian jadwal masuk dan pulang selama bulan puasa;117;Rekonsiliasi Pendapatan Tol;Laporan pencocokan data transaksi kartu uang elektronik dengan dana yang masuk ke rekening bank.;0;;
Q26;penyesuaian jadwal masuk dan pulang selama bulan puasa;128;SE Tata Cara Klaim Perjalanan Dinas;Prosedur terbaru mengenai pelaporan biaya transportasi dan akomodasi kedinasan.;0;;
Q26;penyesuaian jadwal masuk dan pulang selama bulan puasa;131;Perawatan Rutin Mobil Dinas;Jadwal servis berkala dan penggantian suku cadang kendaraan operasional perusahaan.;0;;
Q26;penyesuaian jadwal masuk dan pulang selama bulan puasa;133;Penyusunan Proyeksi Cashflow;Laporan estimasi arus kas masuk dan keluar untuk operasional semester kedua.;0;;
Q26;penyesuaian jadwal masuk dan pulang selama bulan puasa;136;Standarisasi Respon Time Derek;Keputusan mengenai batas waktu maksimal kedatangan mobil derek di lokasi kejadian.;0;;
Q27;bantuan biaya sekolah untuk anak pegawai;7;Pelatihan Sertifikasi Kompetensi Tenaga Teknik;Dalam rangka peningkatan SDM, perusahaan mengirimkan staf teknis untuk mengikuti pelatihan kelistrikan di Surabaya.;0;;
Q27;bantuan biaya sekolah untuk anak pegawai;27;Rekrutmen Tenaga Magang MBKM Jurusan IT;Kerja sama dengan universitas untuk memberikan pengalaman praktis bagi mahasiswa dalam pengembangan sistem digital CMS.;0;;
Q27;bantuan biaya sekolah untuk anak pegawai;28;Penetapan Dana Santunan Duka Cita Karyawan;Kebijakan pemberian bantuan sosial bagi keluarga staf yang mengalami musibah sebagai bentuk kepedulian perusahaan.;0;;
Q27;bantuan biaya sekolah untuk anak pegawai;32;Laporan Biaya Listrik PJU dan Kantor Pusat;Evaluasi konsumsi energi bulanan guna mencari peluang efisiensi biaya operasional melalui penggunaan lampu LED hemat energi.;0;;
Q27;bantuan biaya sekolah untuk anak pegawai;57;Rekrutmen Staf IT Support Infrastruktur;Pembukaan lowongan pekerjaan untuk posisi teknisi jaringan guna mendukung sistem operasional gerbang tol otomatis.;0;;
Q27;bantuan biaya sekolah untuk anak pegawai;60;Pemberian Beasiswa Pendidikan Anak Karyawan;Program kesejahteraan perusahaan dalam bentuk bantuan biaya sekolah bagi keluarga staf yang berprestasi.;1;;
Q27;bantuan biaya sekolah untuk anak pegawai;63;Persetujuan Biaya Operasional Kendaraan Rescue;Alokasi dana untuk pembelian bahan bakar dan pemeliharaan mesin armada derek serta ambulance perusahaan.;0;;
Q27;bantuan biaya sekolah untuk anak pegawai;75;Sertifikasi Laik Operasi Kendaraan Derek;Pemeriksaan kelayakan teknis armada bantuan lalin guna menjamin keselamatan proses evakuasi di jalan tol.;0;;
Q27;bantuan biaya sekolah untuk anak pegawai;76;Penetapan Dana Santunan Kesehatan Staf;Kebijakan dukungan finansial bagi karyawan yang membutuhkan perawatan medis khusus di rumah sakit.;0;;
Q27;bantuan biaya sekolah untuk anak pegawai;107;Tagihan Penggunaan Jaringan Internet;Surat pengantar pembayaran biaya bulanan bandwidth internet kantor pusat PT CMS.;0;;
Q27;bantuan biaya sekolah untuk anak pegawai;115;Pengajuan Klaim Asuransi Kesehatan;Berkas administrasi permohonan penggantian biaya perawatan medis staf operasional.;0;;
Q27;bantuan biaya sekolah untuk anak pegawai;127;Pengusulan Pelatihan Sertifikasi TI;Permohonan biaya pelatihan Microsoft Office Specialist bagi admin kearsipan.;0;;
Q27;bantuan biaya sekolah untuk anak pegawai;128;SE Tata Cara Klaim Perjalanan Dinas;Prosedur terbaru mengenai pelaporan biaya transportasi dan akomodasi kedinasan.;0;;
Q27;bantuan biaya sekolah untuk anak pegawai;130;Pemberian Bonus Kinerja Semester I;Keputusan Direksi mengenai distribusi insentif prestasi bagi staf berprestasi.;0;;
Q27;bantuan biaya sekolah untuk anak pegawai;141;Alokasi Dana CSR Pendidikan;Pengajuan bantuan beasiswa bagi anak karyawan operasional yang berprestasi.;1;;
Q27;bantuan biaya sekolah untuk anak pegawai;144;Perintah Rekrutmen Teknisi Listrik;Penugasan divisi HRD untuk membuka lowongan pekerjaan spesialis pemeliharaan PJU.;0;;
Q28;pengamanan sistem kearsipan dari peretasan;16;Implementasi Sistem Keamanan Cyber Server E-Arsip;Perlu adanya penguatan protokol keamanan data kearsipan digital untuk mencegah kebocoran informasi kredensial perusahaan.;1;;
Q28;pengamanan sistem kearsipan dari peretasan;19;Pengujian Algoritma Clustering HDBSCAN pada Arsip;Laporan hasil eksperimen pengelompokan dokumen otomatis menggunakan metode berbasis kepadatan spasial untuk sistem kearsipan.;0;;
Q28;pengamanan sistem kearsipan dari peretasan;20;Update Lisensi Software Operasional Kantor;Pembaruan hak guna perangkat lunak sistem operasi dan aplikasi database yang digunakan oleh divisi teknologi informasi.;0;;
Q28;pengamanan sistem kearsipan dari peretasan;38;Sosialisasi Penggunaan Dashbor E-Arsip Digital;Pelatihan internal bagi staf administrasi mengenai cara pencarian dokumen menggunakan fitur semantic search FAISS.;0;;
Q28;pengamanan sistem kearsipan dari peretasan;39;Backup Rutin Server Data Metadata Dokumen;Menjamin integritas informasi melalui penyalinan data harian guna mengantisipasi kegagalan sistem atau bencana alam.;0;;
Q28;pengamanan sistem kearsipan dari peretasan;49;Laporan Akhir Transformasi Digital E-Arsip;Ringkasan keberhasilan implementasi sistem kearsipan berbasis AI dalam meningkatkan efisiensi pencarian dokumen perusahaan.;0;;
Q28;pengamanan sistem kearsipan dari peretasan;68;Pelatihan Mitigasi Serangan Cyber (Ransomware);Workshop bagi staf divisi teknologi informasi mengenai perlindungan database kearsipan dari ancaman peretasan.;1;;
Q28;pengamanan sistem kearsipan dari peretasan;70;Konfigurasi Ulang Jaringan WiFi Kantor Pusat;Optimalisasi koneksi internet guna menunjang produktivitas kerja karyawan saat pengolahan data kearsipan.;0;;
Q28;pengamanan sistem kearsipan dari peretasan;86;Implementasi Fitur OCR pada Sistem E-Arsip;Integrasi teknologi pengenalan karakter otomatis guna mempermudah input metadata dari dokumen fisik.;0;;
Q28;pengamanan sistem kearsipan dari peretasan;90;Pembaruan Sertifikat SSL Website CMS;Menjamin keamanan enkripsi data saat pengguna mengakses sistem informasi kearsipan secara online.;1;;
Q28;pengamanan sistem kearsipan dari peretasan;100;Persiapan Pengamanan Lalin Libur Akhir Tahun;Instruksi koordinasi lintas divisi untuk memastikan kesiapan seluruh infrastruktur menyambut lonjakan lalin.;0;;
Q28;pengamanan sistem kearsipan dari peretasan;104;Surat Perintah Tugas IT Support;Perintah kepada staf IT untuk melakukan maintenance server database E-Arsip secara berkala.;0;;
Q28;pengamanan sistem kearsipan dari peretasan;114;Perintah Pengamanan Kantor Pusat;Instruksi kepada tim security untuk meningkatkan kewaspadaan selama masa libur panjang.;0;;
Q28;pengamanan sistem kearsipan dari peretasan;122;Klasifikasi Kearsipan Digital;Keputusan mengenai tata cara penamaan dan penyimpanan file pada sistem E-Arsip CMS.;0;;
Q28;pengamanan sistem kearsipan dari peretasan;127;Pengusulan Pelatihan Sertifikasi TI;Permohonan biaya pelatihan Microsoft Office Specialist bagi admin kearsipan.;0;;
Q29;armada derek untuk evakuasi kendaraan mogok;24;Pengadaan Mobil Derek Operasional Baru;Memperkuat armada pelayanan lalin guna mempercepat penanganan kendaraan mogok di jalan tol (target maksimal 30 menit).;1;;
Q29;armada derek untuk evakuasi kendaraan mogok;37;Perbaikan Jaringan Radio Komunikasi Senkom;Penanganan kendala gangguan frekuensi HT yang digunakan petugas patroli dan derek agar koordinasi tetap lancar 24 jam.;0;;
Q29;armada derek untuk evakuasi kendaraan mogok;50;Persiapan Jalur Mudik Libur Tahun Baru 2025;Instruksi penyiagaan armada rescue dan penambahan petugas gardu tol untuk mengantisipasi lonjakan volume lalin.;1;;
Q29;armada derek untuk evakuasi kendaraan mogok;51;Penetapan Lokasi Perbaikan Guardrail Jalur B;Menginstruksikan tim pemeliharaan untuk memasang pagar pengaman baru pada titik rawan kecelakaan kilometer 08+200.;0;;
Q29;armada derek untuk evakuasi kendaraan mogok;63;Persetujuan Biaya Operasional Kendaraan Rescue;Alokasi dana untuk pembelian bahan bakar dan pemeliharaan mesin armada derek serta ambulance perusahaan.;1;;
Q29;armada derek untuk evakuasi kendaraan mogok;75;Sertifikasi Laik Operasi Kendaraan Derek;Pemeriksaan kelayakan teknis armada bantuan lalin guna menjamin keselamatan proses evakuasi di jalan tol.;1;;
Q29;armada derek untuk evakuasi kendaraan mogok;92;Koordinasi Penertiban Kendaraan ODOL;Kerja sama dengan PJR untuk melakukan razia kendaraan bermuatan lebih guna menjaga keawetan aspal.;0;;
Q29;armada derek untuk evakuasi kendaraan mogok;105;Pengajuan Dana Operasional Derek;Permohonan anggaran bahan bakar dan perawatan armada mobil derek di gerbang tol Menanggal.;1;;
Q29;armada derek untuk evakuasi kendaraan mogok;118;BA Kerusakan Gerbang Tol Otomatis;Laporan kejadian kerusakan palang gerbang otomatis akibat ditabrak kendaraan pengguna jalan.;0;;
Q29;armada derek untuk evakuasi kendaraan mogok;125;Monitoring Kecepatan Kendaraan;Laporan hasil tangkapan kamera speed sensor terhadap kendaraan yang melampaui batas kecepatan.;0;;
Q29;armada derek untuk evakuasi kendaraan mogok;131;Perawatan Rutin Mobil Dinas;Jadwal servis berkala dan penggantian suku cadang kendaraan operasional perusahaan.;0;;
Q29;armada derek untuk evakuasi kendaraan mogok;136;Standarisasi Respon Time Derek;Keputusan mengenai batas waktu maksimal kedatangan mobil derek di lokasi kejadian.;1;;
Q29;armada derek untuk evakuasi kendaraan mogok;148;Penunjukan Tim Penanganan Banjir;Pembentukan satgas khusus untuk antisipasi genangan air di area tol saat musim hujan.;0;;
Q30;pengaturan arus lalu lintas saat mudik dan libur panjang;1;Pembentukan Panitia PHO Pekerjaan Overlay Jalur A;Menimbang berakhirnya pekerjaan pemeliharaan jalan tol SS Waru-Juanda 2022, perlu membentuk Panitia Serah Terima Sementara (PHO).;0;;
Q30;pengaturan arus lalu lintas saat mudik dan libur panjang;4;Jadwal Pemeliharaan Rutin Drainase Semester I;Rincian kegiatan pembersihan saluran air dan gorong-gorong guna mencegah genangan saat musim penghujan di area tol.;0;;
Q30;pengaturan arus lalu lintas saat mudik dan libur panjang;10;Aturan Jam Kerja Selama Bulan Ramadhan;Menetapkan penyesuaian jadwal operasional kantor pusat dan gerbang tol selama periode bulan suci bagi seluruh karyawan.;0;;
Q30;pengaturan arus lalu lintas saat mudik dan libur panjang;18;Maintenance Perangkat CCTV Gerbang Juanda;Jadwal rutin pemeliharaan perangkat kamera pemantau lalin dan jaringan fiber optik untuk sentra komunikasi.;0;;
Q30;pengaturan arus lalu lintas saat mudik dan libur panjang;25;Monitoring Kelayakan Konstruksi Flyover;Tim teknis melakukan pengecekan struktur pilar jembatan layang guna menjamin kekuatan bangunan jalan jangka panjang.;0;;
Q30;pengaturan arus lalu lintas saat mudik dan libur panjang;47;Jadwal Cuti Bersama Akhir Tahun 2024;Menetapkan daftar piket petugas operasional gerbang tol agar tetap siaga melayani lalin saat periode libur natal.;1;;
Q30;pengaturan arus lalu lintas saat mudik dan libur panjang;50;Persiapan Jalur Mudik Libur Tahun Baru 2025;Instruksi penyiagaan armada rescue dan penambahan petugas gardu tol untuk mengantisipasi lonjakan volume lalin.;1;;
Q30;pengaturan arus lalu lintas saat mudik dan libur panjang;94;Laporan Evaluasi Waktu Tempuh Rata-Rata;Monitoring efektivitas operasional dalam meminimalisir kemacetan di akses gerbang tol utama.;0;;
Q30;pengaturan arus lalu lintas saat mudik dan libur panjang;95;Pemeliharaan Perangkat Radio Link Senkom;Perbaikan alat komunikasi antar pos pantau guna kelancaran distribusi informasi lalu lintas.;0;;
Q30;pengaturan arus lalu lintas saat mudik dan libur panjang;100;Persiapan Pengamanan Lalin Libur Akhir Tahun;Instruksi koordinasi lintas divisi untuk memastikan kesiapan seluruh infrastruktur menyambut lonjakan lalin.;1;;
Q30;pengaturan arus lalu lintas saat mudik dan libur panjang;101;Laporan Mingguan Lalin Tol SS Waru;Data volume kendaraan dan kepadatan arus lalu lintas pada periode minggu pertama Januari di ruas SS Waru.;0;;
Q30;pengaturan arus lalu lintas saat mudik dan libur panjang;102;Penugasan Petugas Layanan Jalan Tol;Keputusan Direksi mengenai jadwal piket dan penempatan personel operasional di titik pantau lalin.;1;;
Q30;pengaturan arus lalu lintas saat mudik dan libur panjang;113;Koordinasi Rekayasa Lalin Operasi Lilin;Surat koordinasi dengan PJR untuk pengaturan arus mudik dan balik di akses masuk Surabaya.;1;;
Q30;pengaturan arus lalu lintas saat mudik dan libur panjang;114;Perintah Pengamanan Kantor Pusat;Instruksi kepada tim security untuk meningkatkan kewaspadaan selama masa libur panjang.;0;;
Q30;pengaturan arus lalu lintas saat mudik dan libur panjang;133;Penyusunan Proyeksi Cashflow;Laporan estimasi arus kas masuk dan keluar untuk operasional semester kedua.;0;;
Q30;pengaturan arus lalu lintas saat mudik dan libur panjang;143;Analisis Kepadatan Gerbang Exit;Studi efisiensi penambahan gardu tol portabel untuk mengurangi antrean di jam sibuk.;1;;
